"Sp_name","SpCode","PhyloCode","BehPheno","Social_Status","Subfamily","Tribe","Genus","Subgenus","Latitude","Longitude","Altitude","YearMin","YearMax","Biome","NnestsMin","NestReused","HibSite","Iteroparity","CoFounding","NumQ","Guard","NumB1.offspring","RBOff","RBOffCells","PropB1.males","PropRB.males","NumWorkerBroods","NumB1.workers","WorkerOvDev","WorkersMated","QWDimorphHead","QWDimorphWing","Qlongevity","Lecty","Voltinism"
"Lasioglossum_calceatum","LEcal","Lascalceatum","4","Eusocial","Halictinae","Halictini","Lasioglossum","Evylaeus","50.864077",-0.084331,82,2012,2012,"1","16",NA,"1",NA,"1",NA,"",NA,NA,NA,NA,NA,"1",2,NA,"",6.6,6.6,NA,2,NA
"Lasioglossum_calceatum","LEcal","Lascalceatum","4","Eusocial","Halictinae","Halictini","Lasioglossum","Evylaeus","50.864077",-0.084331,82,2013,2013,"1","17",NA,"1",NA,"1",NA,"",NA,NA,NA,NA,NA,"1",3.5,NA,"",6,6,NA,2,NA
"Lasioglossum_calceatum","LEcal","Lascalceatum","4","Eusocial","Halictinae","Halictini","Lasioglossum","Evylaeus","50.864077",-0.084331,82,2015,2015,"1","29",NA,"1",NA,"1",NA,"",NA,5.7,NA,NA,30,"1",3.1,NA,"",15.5,15.5,NA,2,NA
"Lasioglossum_calceatum","LEcal","Lascalceatum","1","Solitary","Halictinae","Halictini","Lasioglossum","Evylaeus","50.572887",-3.824437,300,1992,1992,"1","50",NA,"1",1,"1",1,"",NA,NA,NA,NA,NA,"0",NA,NA,NA,0,NA,NA,2,1
"Lasioglossum_calceatum","LEcal","Lascalceatum","1","Solitary","Halictinae","Halictini","Lasioglossum","Evylaeus","41.937658",140.775628,1167,1968,1969,"1","",NA,"1",NA,NA,1,"",NA,NA,NA,NA,50,"0",NA,NA,NA,0,NA,NA,2,NA
"Lasioglossum_calceatum","LEcal","Lascalceatum","4","Eusocial","Halictinae","Halictini","Lasioglossum","Evylaeus","41.937658",140.775628,1167,1968,1969,"1","",NA,"1",1,NA,NA,"",NA,NA,NA,NA,NA,"1",NA,14.3,"16.3",4.5,NA,NA,2,NA
"Lasioglossum_calceatum","LEcal","Lascalceatum","4","Eusocial","Halictinae","Halictini","Lasioglossum","Evylaeus","46.410077",10.828242,NA,1964,1967,"1","",NA,"1",1,NA,NA,"1",NA,NA,12,NA,50,"1",NA,NA,"",NA,NA,NA,NA,NA
"Lasioglossum_fulvicorne","LEful","Lasfulvicorn","1","Solitary","Halictinae","Halictini","Lasioglossum","Evylaeus","",NA,NA,NA,NA,"1","",NA,"",NA,NA,1,"",NA,NA,NA,NA,NA,"",NA,NA,NA,0,NA,NA,NA,NA
"Lasioglossum_baleicum","LEbal","","4","Eusocial","Halictinae","Halictini","Lasioglossum","Evylaeus","42.984165",141.382531,150,2000,2000,"1","62",NA,"",NA,"0",NA,"0",2.7,NA,NA,14,55,"1",1.7,28,"56.6",4.5,4.5,NA,NA,NA
"Lasioglossum_baleicum","LEbal","","4","Eusocial","Halictinae","Halictini","Lasioglossum","Evylaeus","42.984165",141.382531,150,2001,2001,"1","54",NA,"",NA,"0",NA,"0",2.9,NA,NA,18,28,"1",1.7,28,"56.6",4.5,4.5,NA,NA,NA
"Lasioglossum_baleicum","LEbal","","1","Solitary","Halictinae","Halictini","Lasioglossum","Evylaeus","43.699931",144.916808,280,2000,2000,"1","13",NA,"",NA,"0",1,"0",4.4,NA,NA,NA,52,"0",NA,NA,NA,0,NA,NA,NA,1
"Lasioglossum_baleicum","LEbal","","1","Solitary","Halictinae","Halictini","Lasioglossum","Evylaeus","43.699931",144.916808,280,2001,2001,"1","32",NA,"",NA,"1",1,"0",2.4,NA,NA,NA,28,"0",NA,NA,NA,0,NA,NA,NA,1
"Lasioglossum_duplex","LEdup","Lasduplex","4","Eusocial","Halictinae","Halictini","Lasioglossum","Evylaeus","43.077992",141.338953,150,1957,1968,"1","200",NA,"1",NA,"1",NA,"1",5.1,13.5,NA,4.6,56,"1",3.6,20.2,"8.5",6.7,NA,NA,NA,NA
"Lasioglossum_duplex","LEdup","Lasduplex","4","Eusocial","Halictinae","Halictini","Lasioglossum","Evylaeus","43.077992",141.338953,150,2001,NA,"1","70",NA,"1",NA,"1",NA,"1",5.7,20.6,NA,26,46,"1",4.1,33,"58.8",4.5,NA,NA,NA,NA
"Lasioglossum_duplex","LEdup","Lasduplex","4","Eusocial","Halictinae","Halictini","Lasioglossum","Evylaeus","41.917277",140.253945,20,2001,NA,"1","62",NA,"1",NA,"1",NA,"",3.7,9.5,NA,5,60,"1",1.3,17.6,"59.5",8,NA,NA,NA,NA
"Lasioglossum_fratellum","LEfra","","1,3",NA,"Halictinae","Halictini","Lasioglossum","Evylaeus","50.572887",-3.824437,300,1992,NA,"1","92",NA,"",1,"1",NA,"",NA,NA,NA,NA,58.3,"0",NA,NA,"",NA,NA,NA,2,1
"Lasioglossum_fratellum","LEfra","","1,3",NA,"Halictinae","Halictini","Lasioglossum","Evylaeus","53.115673",8.138457,8,1989,1992,"1","",NA,"1",1,"1",NA,"1",4.8,NA,NA,NA,NA,"0",0,NA,"",NA,NA,NA,NA,1
"Lasioglossum_villosulum","LEvil","Lasvillosulu","1","Solitary","Halictinae","Halictini","Lasioglossum","Evylaeus","50.572887",-3.824437,300,1992,NA,"1","5",NA,"",NA,NA,1,"",NA,NA,NA,NA,NA,"0",NA,NA,NA,0,NA,NA,NA,NA
"Lasioglossum_apristum","LEapr","Lasapristum","4","Eusocial","Halictinae","Halictini","Lasioglossum","Evylaeus","35.369866",133.526961,900,1987,NA,"1","16",NA,"1,2",NA,"0",NA,"",6.9,NA,15.3,5.5,NA,"1",6.5,38.9,"0",6.2,NA,2,NA,NA
"Lasioglossum_apristum","LEapr","Lasapristum","4","Eusocial","Halictinae","Halictini","Lasioglossum","Evylaeus","35.369866",133.526961,900,1987,198,"1","",NA,"",NA,NA,NA,"",NA,NA,NA,NA,NA,"1",NA,8.7,"6.5",7.7,NA,NA,NA,NA
"Lasioglossum_apristum","LEapr","Lasapristum","1","Solitary","Halictinae","Halictini","Lasioglossum","Evylaeus","43.077992",141.338953,150,1969,NA,"1","",NA,"",NA,NA,1,"",NA,NA,NA,NA,50,"0",NA,NA,NA,0,NA,NA,NA,1
"Lasioglossum_cinctipes","LEcin","Lascinctipes","4","Eusocial","Halictinae","Halictini","Lasioglossum","Evylaeus","45.802563",-60.704492,100,1985,1987,"1","12",NA,"",NA,NA,NA,"",2.3,0,NA,NA,27.3,"1",NA,NA,"",6.9,NA,NA,NA,NA
"Lasioglossum_cinctipes","LEcin","Lascinctipes","4","Eusocial","Halictinae","Halictini","Lasioglossum","Evylaeus","45.05812",-63.502843,NA,1929,1932,"1","",NA,"2",NA,"1",NA,"",NA,NA,NA,NA,NA,"1",NA,NA,"",NA,NA,NA,2,NA
"Lasioglossum_comagenense","LEcom","Lascomagenen","1,3",NA,"Halictinae","Halictini","Lasioglossum","Evylaeus","44.017187",-73.915894,668,1987,1989,"1","21",NA,"2",NA,"1",3.5,"0",4.8,NA,NA,NA,56.5,"0",NA,NA,"",NA,NA,NA,2,1
"Lasioglossum_comagenense","LEcom","Lascomagenen","1","Solitary","Halictinae","Halictini","Lasioglossum","Evylaeus","45.802563",-60.704492,100,1987,1987,"1","",NA,"2",NA,"0",1,"",2.9,NA,NA,NA,30,"0",NA,NA,NA,0,NA,NA,NA,1
"Lasioglossum_comagenense","LEcom","Lascomagenen","3","Semisocial","Halictinae","Halictini","Lasioglossum","Evylaeus","45.802563",-60.704492,100,1987,1987,"1","50",NA,"2",NA,"1",3,"",4.8,NA,NA,NA,30,"0",NA,NA,"",NA,NA,NA,NA,1
"Lasioglossum_cooleyi","LEcoo","","4","Eusocial","Halictinae","Halictini","Lasioglossum","Evylaeus","49.262737",-123.246828,100,1988,1988,"1","14",NA,"",NA,"1",1.3,"",NA,NA,NA,NA,41,"1",1.3,39.7,"14.5",5.05,7.3,2,NA,NA
"Lasioglossum_laticeps","LElat","Laslaticeps","4","Eusocial","Halictinae","Halictini","Lasioglossum","Evylaeus","50.733641",-2.903204,10,1980,1980,"1","",NA,"2",NA,"1",3,"1",5.4,11.87,NA,23.8,27,"1",4.1,53,"18",4.5,7.3,2,NA,NA
"Lasioglossum_lineare","LElin","Laslineare","4","Eusocial","Halictinae","Halictini","Lasioglossum","Evylaeus","48.863969",2.348236,35,1966,1967,"1","",1,"1",NA,"1",NA,"1",NA,NA,27.5,1,50,"1",4.1,13.6,"0.5",15,13,NA,NA,NA
"Lasioglossum_lineare","LElin","Laslineare","4","Eusocial","Halictinae","Halictini","Lasioglossum","Evylaeus","44.937748",1.027045,200,1966,1977,"1","",1,"1",NA,"1",NA,"0",NA,30,NA,1.5,NA,"1",6.3,3.2,"0.5",21,21.2,NA,NA,NA
"Lasioglossum_lineare","LElin","Laslineare","4","Eusocial","Halictinae","Halictini","Lasioglossum","Evylaeus","44.937748",1.027045,200,1966,1977,"1","",1,"1",NA,"1",NA,"0",NA,30,NA,1.5,NA,"1",6.3,3.2,"0.5",21,21.2,NA,NA,NA
"Lasioglossum_malachurum","LEmal","Lasmalachuru","4","Eusocial","Halictinae","Halictini","Lasioglossum","Evylaeus","36.475774",23.109605,200,2000,2000,"1","52",NA,"2",NA,"1",1.1,"1",NA,NA,NA,0,20,"3",NA,NA,"",NA,NA,NA,NA,NA
"Lasioglossum_malachurum","LEmal","Lasmalachuru","4","Eusocial","Halictinae","Halictini","Lasioglossum","Evylaeus","36.475774",23.109605,200,1989,1998,"1","6",NA,"2",NA,"1",NA,"1",NA,NA,NA,1,NA,"3",4,67,"60",14.3,NA,NA,NA,NA
"Lasioglossum_malachurum","LEmal","Lasmalachuru","4","Eusocial","Halictinae","Halictini","Lasioglossum","Evylaeus","45.159895",0.823083,200,1985,1985,"1","",NA,"2",NA,"0",NA,"1",NA,NA,NA,2,NA,"2.5",5.1,30.1,"0",17.5,17.5,NA,NA,NA
"Lasioglossum_malachurum","LEmal","Lasmalachuru","4","Eusocial","Halictinae","Halictini","Lasioglossum","Evylaeus","36.467626",-5.14764,100,1985,1985,"1","",NA,"2",NA,"0",NA,"1",NA,NA,NA,1.5,NA,"2",6.5,17.6,"0",18.1,18.1,NA,NA,NA
"Lasioglossum_malachurum","LEmal","Lasmalachuru","4","Eusocial","Halictinae","Halictini","Lasioglossum","Evylaeus","43.305544",5.422984,50,1985,1985,"1","",NA,"2",NA,"0",NA,"1",NA,NA,NA,1.3,NA,"3",6.8,6.8,"0",18,18,NA,NA,NA
"Lasioglossum_malachurum","LEmal","Lasmalachuru","4","Eusocial","Halictinae","Halictini","Lasioglossum","Evylaeus","50.669469",-1.285361,30,1985,1985,"1","",NA,"",NA,"0",NA,"1",NA,NA,NA,2.3,NA,"1",6.7,3.4,"0.8",14.3,14.3,NA,NA,NA
"Lasioglossum_malachurum","LEmal","Lasmalachuru","4","Eusocial","Halictinae","Halictini","Lasioglossum","Evylaeus","49.781873",9.969139,250,1998,1998,"1","75",NA,"",NA,NA,NA,"",NA,NA,NA,NA,NA,"2",5.8,47,"0",NA,NA,NA,NA,NA
"Lasioglossum_malachurum","LEmal","Lasmalachuru","4","Eusocial","Halictinae","Halictini","Lasioglossum","Evylaeus","48.529018",9.037838,350,2002,2002,"1","18",NA,"",NA,NA,NA,"",NA,NA,NA,NA,NA,"1",4.7,NA,"",NA,NA,NA,NA,NA
"Lasioglossum_marginatum","LEmar","Lasmarginatu","5","Eusocial","Halictinae","Halictini","Lasioglossum","Evylaeus","45.159895",0.823083,200,1985,1985,"1","",NA,"",NA,"0",NA,"0",NA,600,NA,0,NA,"5",3.5,0,"0",0.1,0.1,NA,NA,NA
"Lasioglossum_nigripes","LEnig","Lasnigripes","4","Eusocial","Halictinae","Halictini","Lasioglossum","Evylaeus","43.305544",5.422984,50,1966,1967,"1","",NA,"2",NA,"1",NA,"0",NA,NA,NA,4,NA,"1",7.2,59,"1",10.3,NA,NA,2,NA
"Lasioglossum_pauxillum","LEpau","Laspauxillum","4","Eusocial","Halictinae","Halictini","Lasioglossum","Evylaeus","48.328581",16.047054,200,1985,1985,"1","",0,"2",NA,"0",NA,"1",NA,NA,NA,5,NA,"2",4,15,"1",14.5,NA,2,NA,NA
"Lasioglossum_villosulum","LEvil","Lasvillosulu","1","Solitary","Halictinae","Halictini","Lasioglossum","Evylaeus","48.84697",2.356242,35,1982,1982,"1","",NA,"2",0,"1",1,"0",0,NA,NA,17,NA,"0",0,NA,NA,0,7.4,2,NA,2
"Lasioglossum_villosulum","LEvil","Lasvillosulu","1","Solitary","Halictinae","Halictini","Lasioglossum","Evylaeus","48.84697",2.356242,35,1985,1986,"1","",NA,"",NA,NA,1,"",0,NA,NA,22,45,"0",0,NA,NA,0,NA,NA,NA,2
"Lasioglossum_oenotherae","LEoen","Lasoenothera","1","Solitary","Halictinae","Halictini","Lasioglossum","Evylaeus","43.69448",-79.432787,75,1968,1968,"1","5",NA,"1",NA,"0",1,"",13,NA,NA,NA,NA,"0",NA,NA,NA,0,NA,NA,1,1
"Lasioglossum_subtropicum","LEsub","Lassubtropic","4","Eusocial","Halictinae","Halictini","Lasioglossum","Evylaeus","24.344214",123.831336,150,NA,NA,"2","",NA,"",NA,NA,NA,"1",NA,NA,NA,NA,NA,"",NA,NA,"",18.2,NA,NA,NA,NA
"Lasioglossum_lusorium","LElus","","1","Solitary","Halictinae","Halictini","Lasioglossum","Evylaeus","41.998075",-111.93387,1300,1968,1968,"1","",NA,"1,2",NA,"0",1,"",0,NA,NA,50,NA,"",NA,NA,NA,0,NA,NA,1,2
"Lasioglossum_lusorium","LElus","","1","Solitary","Halictinae","Halictini","Lasioglossum","Evylaeus","41.998075",-111.93387,1300,1969,1969,"1","",NA,"1,2",NA,"0",1,"",0,NA,NA,50,NA,"",NA,NA,NA,0,NA,NA,1,1
"Lasioglossum_lusorium","LElus","","1","Solitary","Halictinae","Halictini","Lasioglossum","Evylaeus","41.998075",-111.93387,1300,1970,1970,"1","",NA,"1,2",NA,"0",1,"",0,NA,NA,50,NA,"",NA,NA,NA,0,NA,NA,1,1
"Lasioglossum_lusorium","LElus","","1,2","Communal","Halictinae","Halictini","Lasioglossum","Evylaeus","41.998075",-111.93387,1300,1973,1973,"1","",NA,"1,2",NA,"1",NA,"",0,NA,NA,50,NA,"",NA,NA,NA,0,NA,NA,1,2
"Lasioglossum_occidens","LLocc","","1","Solitary","Halictinae","Halictini","Lasioglossum","Leuchalictus","33.105601",139.800283,100,1987,1990,"1,2","",NA,"",NA,NA,1,"",NA,NA,NA,NA,29.3,"",NA,NA,NA,0,NA,NA,NA,1
"Lasioglossum_mutilum","LLmut","","1","Solitary","Halictinae","Halictini","Lasioglossum","Leuchalictus","33.105601",139.800283,100,1987,1990,"1,2","",NA,"",NA,NA,1,"",NA,NA,NA,NA,45.7,"",NA,NA,NA,0,NA,NA,NA,1
"Lasioglossum_villosulum","LEvil","Lasvillosulu","1","Solitary","Halictinae","Halictini","Lasioglossum","Evylaeus","33.105601",139.800283,100,1987,1990,"1,2","",NA,"",NA,NA,1,"",NA,NA,NA,NA,2,"",NA,NA,NA,0,NA,NA,NA,1
"Lasioglossum_kuroshio","LEkur","","1","Solitary","Halictinae","Halictini","Lasioglossum","Evylaeus","33.105601",139.800283,100,1987,1990,"1,2","",NA,"",NA,NA,1,"",NA,NA,NA,NA,12.1,"",NA,NA,NA,0,NA,NA,NA,2
"Lasioglossum_simplicior","LEsim","","1","Solitary","Halictinae","Halictini","Lasioglossum","Evylaeus","33.105601",139.800283,100,1987,1990,"1,2","",NA,"",NA,NA,1,"",NA,NA,NA,NA,14.1,"",NA,NA,NA,0,NA,NA,NA,1
"Lasioglossum_japonicum ","LEjap","","1","Solitary","Halictinae","Halictini","Lasioglossum","Evylaeus","33.105601",139.800283,100,1987,1990,"1,2","",NA,"",NA,NA,1,"",NA,NA,NA,NA,40.7,"",NA,NA,NA,0,NA,NA,NA,2
"Lasioglossum_quadrinotatulum","Lequa","","1","Solitary","Halictinae","Halictini","Lasioglossum","Evylaeus","56.984068",51.118171,85,1982,1984,"1","4",NA,"",NA,NA,1,"",NA,NA,NA,NA,NA,"0",NA,NA,NA,0,NA,NA,2,1
"Lasioglossum_politum","LEpol","Laspolitum","4","Eusocial","Halictinae","Halictini","Lasioglossum","Evylaeus","43.181252",5.602636,30,1967,1967,"1","?",NA,"",NA,"0",NA,"",7,NA,NA,NA,NA,"",7,9,"9.5",13,13,NA,NA,NA
"Lasioglossum_glabriusculum ","LEpol","","4","Eusocial","Halictinae","Halictini","Lasioglossum","Evylaeus","43.181252",5.602636,30,1967,1967,"1","?",NA,"1",NA,"1",NA,"",7,NA,NA,NA,NA,"",7,NA,"",12.5,12.5,NA,NA,NA
"Lasioglossum_affinis","LSaff","","4","Eusocial","Halictinae","Halictini","Lasioglossum","Sphecodogastra","39.701488",141.170705,NA,1958,1976,"","12",1,"",NA,"1",NA,"1",NA,NA,NA,NA,NA,"1",NA,NA,"",5.8,NA,NA,2,NA
"Lasioglossum_nupricola","LSnup","","1","Solitary","Halictinae","Halictini","Lasioglossum","Sphecodogastra","40.6564",140.2964,1400,1960,1965,"1","5",NA,"1",1,NA,1,"",NA,NA,NA,NA,NA,"",NA,NA,NA,0,NA,NA,2,1
"Lasioglossum_asperithorax","LCasp","","2","Communal","Halictinae","Halictini","Lasioglossum","Chilalictus","",NA,NA,NA,NA,"","",NA,"",NA,"1",NA,"1",6,NA,NA,NA,NA,"",NA,NA,NA,0,NA,NA,NA,NA
"Lasioglossum_cognatum","LCcog","","1,2","Communal","Halictinae","Halictini","Lasioglossum","Chilalictus","",NA,NA,NA,NA,"","",NA,"",NA,"1",NA,"",NA,NA,NA,NA,NA,"",NA,NA,NA,0,NA,NA,NA,NA
"Lasioglossum_dimorphum","LCdim","","2","Communal","Halictinae","Halictini","Lasioglossum","Chilalictus","",NA,NA,NA,NA,"","",NA,"",NA,"1",NA,"1",7,NA,NA,NA,NA,"",NA,NA,NA,0,NA,NA,NA,1
"Lasioglossum_dimorphum","LCdim","","2","Communal","Halictinae","Halictini","Lasioglossum","Chilalictus","",NA,NA,NA,NA,"","",NA,"",NA,"1",NA,"",NA,NA,NA,NA,NA,"0",NA,NA,NA,0,NA,NA,NA,2
"Lasioglossum_erythrurum","LCery","","2","Communal","Halictinae","Halictini","Lasioglossum","Chilalictus","-37.911243",145.133424,100,1985,1985,"1","8",NA,"",NA,"1",NA,"",NA,NA,NA,NA,NA,"",NA,NA,NA,0,NA,NA,NA,NA
"Lasioglossum_hemichalceum","LChem","","2","Communal","Halictinae","Halictini","Lasioglossum","Chilalictus","-38.181967",141.495581,50,NA,NA,"1,2","52",1,"",NA,"1",6.1,"",NA,NA,NA,NA,NA,"",NA,NA,NA,0,NA,NA,NA,2
"Lasioglossum_mesembryanthemi","LCmes","","2","Communal","Halictinae","Halictini","Lasioglossum","Chilalictus","",NA,NA,NA,NA,"","",NA,"",NA,"1",NA,"1",NA,NA,NA,NA,NA,"",NA,NA,NA,0,NA,NA,NA,NA
"Lasioglossum_orbatum","LCorb","Lasorbatum","1,2","Communal","Halictinae","Halictini","Lasioglossum","Chilalictus","-28.635754,",151.968321,NA,NA,NA,"","",NA,"",NA,"1",NA,"",NA,NA,NA,NA,NA,"",NA,NA,NA,0,NA,NA,NA,NA
"Lasioglossum_platycephalum","LCpla","","2","Communal","Halictinae","Halictini","Lasioglossum","Chilalictus","",NA,NA,NA,NA,"","",NA,"",NA,"1",NA,"1",NA,NA,NA,NA,NA,"",NA,NA,NA,0,NA,NA,NA,2
"Lasioglossum_platycephalum","LCpla","","1,2","Communal","Halictinae","Halictini","Lasioglossum","Chilalictus","",NA,NA,NA,NA,"","",NA,"",NA,"1",NA,"1",NA,NA,NA,NA,NA,"",NA,NA,NA,0,NA,NA,NA,NA
"Lasioglossum_platycephalum","LCpla","","1","Solitary","Halictinae","Halictini","Lasioglossum","Chilalictus","-38.181967",141.495581,50,1992,1992,"1,2","22",1,"",NA,NA,1,"",12,NA,NA,NA,NA,"",NA,NA,NA,0,NA,NA,NA,NA
"Lasioglossum_victoriellum","LCvic","","1","Solitary","Halictinae","Halictini","Lasioglossum","Chilalictus","",NA,NA,NA,NA,"","",NA,"",NA,NA,1,"",1,NA,NA,NA,NA,"",NA,NA,NA,0,NA,NA,NA,NA
"Lasioglossum_Chilalictus sp.","LCChi","","2","Communal","Halictinae","Halictini","Lasioglossum","Chilalictus","",NA,NA,NA,NA,"","",NA,"",NA,"1",NA,"",NA,NA,NA,NA,NA,"",NA,NA,NA,0,NA,NA,NA,NA
"Lasioglossum_lanarium","LClan","Laslanarium","2","Communal","Halictinae","Halictini","Lasioglossum","Chilalictus","",NA,NA,NA,NA,"","",NA,"3",NA,"1",9,"1",0,NA,NA,50,NA,"",NA,NA,NA,0,NA,NA,NA,NA
"Lasioglossum_inclinans","LCcog","","2","Communal","Halictinae","Halictini","Lasioglossum","Chilalictus","",NA,NA,NA,NA,"","",NA,"1",NA,"1",NA,"0",NA,NA,NA,NA,NA,"",NA,NA,NA,0,NA,NA,NA,2
"Lasioglossum_fulviventris","LCful","","1","Solitary","Halictinae","Halictini","Lasioglossum","Parasphecodes","",NA,NA,NA,NA,"","",NA,"3",NA,NA,1,"",NA,NA,NA,NA,NA,"",NA,NA,NA,0,NA,NA,2,2
"Lasioglossum_spp.","LPspp","","1","Solitary","Halictinae","Halictini","Lasioglossum","Parasphecodes","",NA,NA,NA,NA,"","",NA,"",NA,NA,1,"",NA,NA,NA,NA,NA,"",NA,NA,NA,0,NA,NA,NA,NA
"Lasioglossum_niveifrons","LHniv","","2","Communal","Halictinae","Halictini","Lasioglossum","Homalictus","",NA,NA,NA,NA,"","",NA,"",NA,"1",NA,"1",NA,NA,NA,NA,NA,"",NA,NA,NA,0,NA,NA,NA,NA
"Lasioglossum_sphecodopsis","LHsph","","1,2","Communal","Halictinae","Halictini","Lasioglossum","Homalictus","-23.636743",150.719236,NA,NA,NA,"","",NA,"",NA,"1",NA,"",NA,NA,NA,NA,NA,"",NA,NA,NA,0,NA,NA,NA,NA
"Lasioglossum_urbanum","LHurb","","1,2","Communal","Halictinae","Halictini","Lasioglossum","Homalictus","-27.193668",152.896173,NA,NA,NA,"1,2","",NA,"",NA,"1",NA,"",NA,NA,NA,NA,NA,"",NA,NA,NA,0,NA,NA,NA,NA
"Lasioglossum_kinabaluense","LCkin","","1","Solitary","Halictinae","Halictini","Lasioglossum","Ctenonomia","6.029294",116.547281,1850,1985,1985,"2","12",NA,"",NA,"0",1,"",1,NA,NA,NA,NA,"",NA,NA,NA,0,NA,NA,NA,NA
"Lasioglossum_cattulum","LCcat","","1","Solitary","Halictinae","Halictini","Lasioglossum","Ctenonomia","30.902689",75.804005,250,1964,1965,"2,3","2",NA,"",NA,NA,1,"",NA,NA,NA,NA,NA,"",NA,NA,NA,0,NA,NA,2,NA
"Lasioglossum_splendidulum","LCspl","","3,4",NA,"Halictinae","Halictini","Lasioglossum","Ctenonomia","31.505212",75.306323,230,1964,1964,"2,3","1",NA,"",NA,NA,NA,"",NA,NA,NA,NA,NA,"",NA,NA,"",NA,NA,NA,NA,NA
"Lasioglossum_sp.","LCsp.","","1","Solitary","Halictinae","Halictini","Lasioglossum","Ctenonomia","-38.181967",141.495581,50,1992,1992,"1,2","19",NA,"",NA,NA,1,"",NA,NA,NA,NA,NA,"",NA,NA,NA,0,NA,NA,NA,NA
"Lasioglossum_albescens","LCalb","","1","Solitary","Halictinae","Halictini","Lasioglossum","Ctenonomia","30.902689",75.804005,250,1964,1965,"2,3","1",NA,"",NA,NA,1,"0",7,NA,NA,NA,NA,"",NA,NA,NA,0,NA,NA,NA,NA
"Lasioglossum_albescens","LCalb","","2","Communal","Halictinae","Halictini","Lasioglossum","Ctenonomia","3.714922",101.745087,NA,1968,1968,"2","1",NA,"",NA,"1",NA,"",NA,NA,NA,NA,NA,"",NA,NA,NA,0,NA,NA,NA,NA
"Halictus_paris","LTpar","","2,4",NA,"Halictinae","Halictini","Halictus","Tytthalictus","30.466843",78.094812,2270,1965,1965,"1","2",NA,"",NA,NA,NA,"",NA,NA,NA,NA,NA,"",NA,NA,"",NA,NA,NA,NA,NA
"Lasioglossum_rubricaudum","LRrub","","4","Eusocial","Halictinae","Halictini","Lasioglossum","Rubrihalictus","33.304783",26.530609,550,1966,1966,"","1",NA,"",NA,NA,NA,"",NA,22,NA,NA,NA,"",NA,NA,"0",NA,NA,NA,NA,NA
"Lasioglossum_sordidum","LAsor","","2,3","Semisocial","Halictinae","Halictini","Lasioglossum","Austrevylaeus","",NA,NA,NA,NA,"","?",NA,"",NA,"1",NA,"",NA,NA,NA,NA,NA,"",NA,NA,"",NA,NA,NA,2,NA
"Lasioglossum_aegyptiellum","LLaeg","","4","Eusocial","Halictinae","Halictini","Lasioglossum","Lasioglossum","43.57931",4.582449,NA,1977,1977,"1","1",NA,"",NA,NA,NA,"",NA,NA,NA,NA,NA,"1",4,100,"",7.2,4.5,NA,NA,NA
"Lasioglossum_mutilum","LLmut","","1,4","Sol/Eus","Halictinae","Halictini","Lasioglossum","Lasioglossum","35.368575",133.054813,250,1993,1993,"1","5",NA,"1",NA,"1",NA,"1",9.3,NA,NA,53.6,65,"0",0,100,"100",0,NA,2,NA,2
"Lasioglossum_scitulum","LLsci","Lasscitulum","1,4","Sol/Eus","Halictinae","Halictini","Lasioglossum","Leuchalictus","35.368575",133.054813,250,1988,1989,"1","84",1,"2",NA,"1",2,"0",15.7,NA,NA,46,50,"0",0,100,"100",0,NA,1,2,2
"Lasioglossum_leucozonium ","LLleu","Lasleucozoni","1","Solitary","Halictinae","Halictini","Lasioglossum","Leuchalictus","45.05812",-63.502843,NA,1929,1932,"1","",NA,"2",NA,"1",1,"0",NA,NA,NA,NA,NA,"",NA,NA,NA,0,NA,NA,NA,1
"Lasioglossum_leucozonium ","LLleu","Lasleucozoni","1","Solitary","Halictinae","Halictini","Lasioglossum","Leuchalictus","",NA,NA,NA,NA,"1","",NA,"",NA,NA,1,"",NA,NA,NA,NA,NA,"",NA,NA,NA,0,NA,NA,NA,NA
"Lasioglossum_zonulum","LLzon","Laszonulum","1","Solitary","Halictinae","Halictini","Lasioglossum","Leuchalictus","",NA,NA,NA,NA,"1","",NA,"",NA,NA,1,"",NA,NA,NA,NA,NA,"",NA,NA,NA,0,NA,NA,NA,NA
"Lasioglossum_zonulum","LLzon","Laszonulum","1","Solitary","Halictinae","Halictini","Lasioglossum","Leuchalictus","50.36449",30.458013,190,1982,1987,"1","34",1,"1",1,"0",1,"",NA,NA,NA,NA,NA,"0",NA,NA,NA,0,NA,NA,2,1
"Lasioglossum_majus","LLmaj","Lasmajus","1,2","Communal","Halictinae","Halictini","Lasioglossum","Lasioglossum","45.423185",8.826853,120,2005,2006,"1","19",NA,"",NA,"1",NA,"",NA,NA,NA,NA,NA,"",NA,NA,NA,0,NA,NA,2,1
"Lasioglossum_majus","LLmaj","Lasmajus","1","Solitary","Halictinae","Halictini","Lasioglossum","Lasioglossum","",NA,NA,NA,NA,"1","",NA,"",NA,NA,1,"",NA,NA,NA,NA,NA,"",NA,NA,NA,0,NA,NA,2,NA
"Lasioglossum_primavera","LLpri","","1","Solitary","Halictinae","Halictini","Lasioglossum","Lasioglossum","",NA,NA,NA,NA,"1","",NA,"3",NA,NA,1,"",NA,NA,NA,NA,NA,"",NA,NA,NA,0,NA,NA,NA,NA
"Lasioglossum_clavipes","LLcla","","",NA,"Halictinae","Halictini","Lasioglossum","Lasioglossum","",NA,NA,NA,NA,"1","",NA,"3",NA,NA,NA,"",NA,NA,NA,NA,NA,"",NA,NA,"",NA,NA,NA,NA,NA
"Lasioglossum_pallens","LLpal","","1","Solitary","Halictinae","Halictini","Lasioglossum","Lasioglossum","",NA,NA,NA,NA,"1","",NA,"3",NA,NA,1,"",NA,NA,NA,NA,NA,"",NA,NA,NA,0,NA,NA,1,1
"Lasioglossum_bicallosum","LLbic","","",NA,"Halictinae","Halictini","Lasioglossum","Lasioglossum","",NA,NA,NA,NA,"1,2","",NA,"3",NA,NA,NA,"",NA,NA,NA,NA,NA,"",NA,NA,"",NA,NA,NA,NA,NA
"Lasioglossum_caspicum","LLcas","","",NA,"Halictinae","Halictini","Lasioglossum","Lasioglossum","",NA,NA,NA,NA,"1,2","",NA,"3",NA,NA,NA,"",NA,NA,NA,NA,NA,"",NA,NA,"2",NA,NA,NA,NA,NA
"Lasioglossum_bimaculatum","LLbim","","1","Solitary","Halictinae","Halictini","Lasioglossum","Lasioglossum","",NA,NA,NA,NA,"","",NA,"",NA,NA,1,"",NA,NA,NA,NA,NA,"",NA,NA,NA,0,NA,NA,NA,1
"Lasioglossum_kansuense","LLkan","","1","Solitary","Halictinae","Halictini","Lasioglossum","Lasioglossum","43.784449",143.784669,125,1960,1960,"1","13",NA,"2",NA,"1",1,"",6.25,NA,NA,NA,NA,"",NA,NA,NA,0,NA,NA,NA,1
"Lasioglossum_xanthopus","LLxan","","1","Solitary","Halictinae","Halictini","Lasioglossum","Lasioglossum","",NA,NA,NA,NA,"1","",NA,"",NA,"0",1,"",NA,NA,NA,NA,NA,"",NA,NA,NA,0,NA,NA,2,1
"Lasioglossum_nitidum","LLnit","","1","Solitary","Halictinae","Halictini","Lasioglossum","Lasioglossum","",NA,NA,NA,NA,"1","",NA,"",NA,NA,1,"",NA,NA,NA,NA,NA,"",NA,NA,NA,0,NA,NA,NA,NA
"Lasioglossum_laevigatum","LLlae","Laslaevigatu","1","Solitary","Halictinae","Halictini","Lasioglossum","Lasioglossum","",NA,NA,NA,NA,"1","",NA,"",NA,NA,1,"",NA,NA,NA,NA,NA,"",NA,NA,NA,0,NA,NA,NA,NA
"Lasioglossum_pallidulum","Lpal","","1","Solitary","Halictinae","Halictini","Lasioglossum","","41.7953",140.733,307.5,1961,1962,"1","3",NA,"",NA,"1",1,"",NA,NA,NA,NA,NA,"",NA,NA,NA,0,NA,NA,2,NA
"Lasioglossum_morio","LDmor","Lasmorio","4","Eusocial","Halictinae","Halictini","Lasioglossum","Dialictus","",NA,NA,NA,NA,"","",NA,"",NA,NA,NA,"",NA,NA,NA,NA,NA,"",NA,NA,"",NA,NA,NA,NA,NA
"Lasioglossum_exiguum","LDexi","","",NA,"Halictinae","Halictini","Lasioglossum","Dialictus","16.909232",-92.054539,800,1985,1985,"1,3","2",NA,"",NA,NA,NA,"",8,NA,NA,0,NA,"1",8,15.2,"11.1",19.5,19.2,NA,NA,NA
"Lasioglossum_imitatum","LDinc","Lasimitatum","4","Eusocial","Halictinae","Halictini","Lasioglossum","Dialictus","39.032071",-95.297394,300,1950,1959,"1","200",1,"1",NA,"1",2,"",NA,NA,NA,0,NA,"1",8.1,12,"2.5",9.9,9.9,NA,2,NA
"Lasioglossum_laevissimum","LDlae","","4","Eusocial","Halictinae","Halictini","Lasioglossum","Dialictus","51.158933",-114.23634,1050,1988,1988,"1","240",NA,"2",NA,"1",1.13,"",4.75,24.2,NA,42.6,32,"1",2.5,63.3,"35",7,NA,NA,NA,NA
"Lasioglossum_laevissimum","LDlae","","4","Eusocial","Halictinae","Halictini","Lasioglossum","Dialictus","45.802563",-60.704492,100,1987,1987,"1","12",NA,"2",NA,"1",NA,"1",NA,25,NA,NA,NA,"1",NA,NA,"",NA,NA,NA,NA,NA
"Lasioglossum_gotham","LDlae","","",NA,"Halictinae","Halictini","Lasioglossum","Dialictus","39.025444, ",-76.924345,100,NA,NA,"","36",NA,"2",0,"0",1,"1",5.71,9.75,NA,0,70,"",5.8,34,"",9,NA,NA,2,NA
"Lasioglossum_lineatulum","LDlin","","4","Eusocial","Halictinae","Halictini","Lasioglossum","Dialictus","42.453576",-76.474674,100,1977,1982,"1","83",NA,"2",NA,"1",NA,"",NA,NA,31.2,25,NA,"1",7,28.3,"20",4.4,NA,1,2,NA
"Lasioglossum_rhytidophorum","LDrhy","","4","Eusocial","Halictinae","Halictini","Lasioglossum","Dialictus","",NA,NA,1955,1956,"1,2","77",1,"1",NA,"1",NA,"1",NA,NA,NA,41,NA,"1",3.8,28,"12.9",6,NA,2,NA,NA
"Lasioglossum_versatum","LDrho","","4","Eusocial","Halictinae","Halictini","Lasioglossum","Dialictus","38.809181",-95.186596,300,1973,1973,"1","59",NA,"2",NA,"0",NA,"1",3.3,8.4,NA,0,45,"1",3.9,9,"37.9",10,10,2,NA,NA
"Lasioglossum_umbripenne","LDumb","Lasumbripenn","4","Eusocial","Halictinae","Halictini","Lasioglossum","Dialictus","9.532631,",-84.183685,200,1966,1968,"1,2","20",NA,"2",NA,"1",NA,"1",NA,75,NA,0,NA,"1",75.6,32,"2.5",16.9,NA,NA,NA,NA
"Lasioglossum_umbripenne","LDumb","Lasumbripenn","4","Eusocial","Halictinae","Halictini","Lasioglossum","Dialictus","9.983872",-83.816258,NA,1965,1965,"3","11",NA,"2",NA,"0",NA,"1",NA,NA,NA,0,37,"",16.7,25,"3",9.6,NA,NA,2,NA
"Lasioglossum_versatum","LDver","","4","Eusocial","Halictinae","Halictini","Lasioglossum","Dialictus","",NA,300,1954,1964,"1","100",1,"1",NA,"1",NA,"1",15,37.1,NA,5,27,"1",29.6,12,"1.5",11.9,11.9,2,2,NA
"Lasioglossum_versatum","LDver","","4","Eusocial","Halictinae","Halictini","Lasioglossum","Dialictus","43.690086",-79.707951,200,1966,1966,"1","1",NA,"",NA,NA,NA,"",NA,NA,NA,NA,NA,"",NA,NA,"",NA,NA,NA,NA,NA
"Lasioglossum_obscurum","LDobs","","4","Eusocial","Halictinae","Halictini","Lasioglossum","Dialictus","",NA,300,1954,1955,"1","8",1,"1",NA,"1",NA,"",NA,NA,NA,NA,NA,"",NA,NA,"",NA,NA,NA,2,NA
"Lasioglossum_zephyrum","LDzep","Laszephyrum","4","Eusocial","Halictinae","Halictini","Lasioglossum","Dialictus","38.889798",-95.279595,300,1957,1963,"1","255",NA,"1",NA,"1",NA,"1",3.5,NA,NA,14,NA,"",14.3,38,"8",9.1,NA,NA,2,NA
"Lasioglossum_vierecki","LDvie","Lasvierecki","1","Solitary","Halictinae","Halictini","Lasioglossum","Dialictus","",NA,NA,NA,NA,"","",NA,"",NA,NA,1,"",NA,NA,NA,NA,NA,"",NA,NA,NA,0,NA,NA,NA,NA
"Lasioglossum_figueresi","LDfig","Lasfigueresi","1","Solitary","Halictinae","Halictini","Lasioglossum","Dialictus","9.892801",-84.137495,1200,1986,1988,"3","134",1,"1",0,"0",1,"1",6.88,NA,NA,NA,48,"0",NA,NA,NA,0,NA,NA,NA,1
"Lasioglossum_figueresi","LDfig","Lasfigueresi","2,3","Semisocial","Halictinae","Halictini","Lasioglossum","Dialictus","9.892801",-84.137495,1200,1986,1988,"3","24",1,"1",0,"1",NA,"1",9.28,NA,NA,NA,48,"0",NA,57.14285714,"57.14285714",NA,NA,NA,NA,1
"Lasioglossum_aeneiventre","LDaen","","4","Eusocial","Halictinae","Halictini","Lasioglossum","Dialictus","9.976157",-84.041499,1380,1986,1988,"3","92",1,"",NA,"0",NA,"",NA,NA,NA,NA,NA,"",2.7,59,"68",2,NA,NA,NA,NA
"Lasioglossum_allodalum","LDall","","1","Solitary","Halictinae","Halictini","Lasioglossum","Dialictus","39.751468",141.26987,NA,1979,1979,"1","10",NA,"2",NA,NA,1,"",5,NA,NA,NA,NA,"",NA,NA,NA,0,NA,NA,2,1
"Lasioglossum_sakagamii","LDsak","","1","Solitary","Halictinae","Halictini","Lasioglossum","Dialictus","39.751468",141.26987,NA,NA,NA,"1","20",NA,"1,2",NA,"0",1,"",NA,NA,NA,NA,NA,"",NA,NA,NA,0,NA,NA,2,1
"Lasioglossum_lucidulum","LDluc","Laslucidulum","1","Solitary","Halictinae","Halictini","Lasioglossum","Dialictus","43.181252",5.602636,30,1967,1967,"1","",NA,"",NA,NA,1,"",NA,NA,NA,NA,NA,"",NA,NA,NA,0,NA,NA,NA,1
"Lasioglossum_minutissimum","LDmin","","1","Solitary","Halictinae","Halictini","Lasioglossum","Dialictus","43.181252",5.602636,30,1967,1967,"1","",NA,"",NA,NA,1,"",NA,NA,NA,NA,NA,"",NA,NA,NA,0,NA,NA,NA,1
"Lasioglossum_coeruleum","LDcoe","","4","Eusocial","Halictinae","Halictini","Lasioglossum","Dialictus","39.037266",-95.197247,305,1960,1961,"1","13",0,"2",NA,"0",NA,"",NA,NA,NA,NA,NA,"1",2,NA,"",NA,NA,NA,NA,2
"Lasioglossum_opacum","LDopa","","1","Solitary","Halictinae","Halictini","Lasioglossum","Dialictus","-25.52359",-49.345796,900,NA,NA,"1,2","5",NA,"",NA,"0",1,"",NA,NA,NA,NA,NA,"",NA,NA,NA,0,NA,NA,NA,NA
"Lasioglossum_parvum","LDpar","Lasparvum","4,3",NA,"Halictinae","Halictini","Lasioglossum","Dialictus","24.07001",-74.483425,5,NA,NA,"2","6",NA,"",NA,NA,NA,"",NA,NA,NA,NA,NA,"",NA,0,"0",NA,NA,NA,NA,NA
"Lasioglossum_problematicum","LDpro","","1,3",NA,"Halictinae","Halictini","Lasioglossum","Dialictus","43.06394",141.342308,25,1975,1983,"1","",NA,"1",1,"1",NA,"",NA,NA,NA,NA,NA,"",NA,NA,"",NA,NA,NA,NA,1
"Lasioglossum_gemmatum","LDger","","4","Eusocial","Halictinae","Halictini","Lasioglossum","Dialictus","18.48554",-77.531974,5,NA,NA,"2","5",NA,"",NA,NA,NA,"",NA,NA,NA,NA,NA,"",NA,0,"0",NA,NA,NA,NA,NA
"Lasioglossum_ferreri","LDfer","","2","Communal","Halictinae","Halictini","Lasioglossum","Dialictus","18.38066",-65.716514,5,NA,NA,"2","3",NA,"",NA,"1",NA,"",NA,NA,NA,NA,NA,"",NA,NA,NA,0,NA,NA,NA,NA
"Lasioglossum_matianense","LDmat","","1","Solitary","Halictinae","Halictini","Lasioglossum","Dialictus","31.03721",78.736564,2600,1995,1995,"1","14",NA,"",NA,NA,1,"",1.5,NA,NA,NA,NA,"",NA,NA,NA,0,NA,NA,NA,1
"Lasioglossum_seabrai","LDsea","","1,3,4",NA,"Halictinae","Halictini","Lasioglossum","Dialictus","3.52617",-76.620664,1900,1976,1977,"2","12",NA,"",NA,"1",NA,"",NA,NA,NA,NA,NA,"",1,44,"0",NA,NA,NA,NA,NA
"Lasioglossum_seabrai","LDsea","","4","Eusocial","Halictinae","Halictini","Lasioglossum","Dialictus","-22.94938",-43.291694,550,1955,1956,"1,2","",NA,"1,2",NA,NA,NA,"",NA,NA,NA,NA,NA,"",NA,0,"0",5.5,5.5,NA,NA,NA
"Lasioglossum_tenax","LDten","","1","Solitary","Halictinae","Halictini","Lasioglossum","Dialictus","51.07542",-114.140532,1100,1988,1988,"1","9",NA,"",NA,"0",1,"",4.5,NA,NA,NA,50,"0",NA,NA,NA,0,NA,NA,NA,1
"Lasioglossum_viridatum","LDvir","","4","Eusocial","Halictinae","Halictini","Lasioglossum","Dialictus","45.05812",-63.502843,NA,1929,1932,"1","",1,"1",NA,"1",NA,"1",NA,NA,NA,NA,NA,"",NA,NA,"",NA,NA,NA,NA,NA
"Lasioglossum_lustrans","LHlus","Laslustrans","1","Solitary","Halictinae","Halictini","Lasioglossum","Hemihalictus","30.500845",-91.564222,10,1960,1960,"1","8",1,"",NA,"0",1,"",7,NA,NA,NA,NA,"0",NA,NA,NA,0,NA,NA,1,NA
"Lasioglossum_texana","LStex","","1","Solitary","Halictinae","Halictini","Lasioglossum","Sphecodogastra","37.654572",-98.256998,10,1964,1964,"1","12",1,"",NA,"0",1,"",4,NA,NA,NA,NA,"",NA,NA,NA,0,NA,NA,NA,NA
"Lasioglossum_boreale","LSbor","Lasboreale","1","Solitary","Halictinae","Halictini","Lasioglossum","Evylaeus","68.343848",18.810599,390,NA,NA,"","3",NA,"",NA,NA,1,"",NA,NA,NA,NA,NA,"",NA,NA,NA,0,NA,NA,NA,NA
"Lasioglossum_ohei","LSohe","","2","Communal","Halictinae","Halictini","Lasioglossum","Sudila","43.784449",143.784669,125,1965,1965,"1","16",1,"1",NA,"1",NA,"",NA,NA,NA,NA,50.1,"",NA,NA,NA,0,NA,NA,NA,1
"Lasioglossum_godmanae","LAgod","","1","Solitary","Halictinae","Halictini","Lasioglossum","Afrodialictus","-34.090698",18.391651,115,NA,NA,"","",NA,"",NA,"0",1,"",3.5,NA,NA,NA,NA,"",NA,NA,NA,0,NA,NA,NA,1
"Halictus_latisignatus","HHlas","","4","Eusocial","Halictinae","Halictini","Halictus","Halictus","12",76,1000,1965,1965,"2","1",NA,"",NA,NA,NA,"0",NA,NA,NA,NA,NA,"",NA,NA,"",10,NA,NA,NA,NA
"Halictus_quadricinctus","HHqua","Halquadricin","1,2","Communal","Halictinae","Halictini","Halictus","Halictus","56.558794",53.106112,75,1982,1982,"1","12",NA,"2",NA,"1",NA,"",23.7,NA,NA,NA,NA,"",NA,NA,NA,0,NA,NA,2,1
"Halictus_lucidipennis","HSluc","","4","Eusocial","Halictinae","Halictini","Halictus","Seladonia","30.902105",75.806452,250,1965,1965,"2,3","4",NA,"",NA,"0",NA,"1",13,NA,NA,NA,NA,"",NA,NA,"",NA,NA,NA,NA,NA
"Halictus_lucidipennis","HSluc","","4","Eusocial","Halictinae","Halictini","Halictus","Seladonia","12",76,1000,1965,1965,"2","7",NA,"",NA,NA,NA,"1",NA,NA,NA,NA,NA,"",13.6,60,"30.6",NA,NA,NA,2,NA
"Halictus_vicinus","HSvic","","4","Eusocial","Halictinae","Halictini","Halictus","Seladonia","12",76,1000,1965,1965,"2","4",NA,"",NA,NA,NA,"",NA,NA,28,NA,NA,"",7,32,"17.8",7.9,NA,NA,NA,NA
"Halictus_rubicundus ","HPrub ","Halrubicundu","1,3,4",NA,"Halictinae","Halictini","Halictus","Protohalictus","40.717842",-73.817642,0,1982,1987,"1","100",NA,"2",0,"0",1,"",6.7,5.7,NA,25,58,"1",3.77,NA,"69",4.6,4.6,NA,NA,NA
"Halictus_rubicundus ","HPrub ","Halrubicundu","1","Solitary","Halictinae","Halictini","Halictus","Protohalictus","38.959226",-106.991829,2850,1998,1998,"1","48",NA,"2",NA,NA,1,"",0,NA,NA,63,NA,"0",NA,NA,NA,0,NA,NA,2,NA
"Halictus_rubicundus ","HPrub ","Halrubicundu","1","Solitary","Halictinae","Halictini","Halictus","Protohalictus","38.959226",-106.991829,2850,1999,1999,"1","42",NA,"2",NA,NA,1,"",0,NA,NA,59,NA,"0",NA,NA,NA,0,NA,NA,NA,NA
"Halictus_rubicundus ","HPrub ","Halrubicundu","4","Eusocial","Halictinae","Halictini","Halictus","Protohalictus","41.035452",-111.933681,1350,1999,1999,"1","52",NA,"",NA,NA,NA,"",4.39,10.52,11.67,10.3,61.9,"1",NA,NA,"",9.7,NA,NA,NA,NA
"Halictus_rubicundus ","HPrub ","Halrubicundu","4","Eusocial","Halictinae","Halictini","Halictus","Protohalictus","38.959226",-106.991829,2850,1988,1988,"1","28",NA,"2",NA,"0",NA,"",6.5,NA,NA,62,NA,"0",NA,NA,"",NA,NA,NA,NA,1
"Halictus_rubicundus ","HPrub ","Halrubicundu","4","Eusocial","Halictinae","Halictini","Halictus","Protohalictus","38.961589",-95.264662,250,1988,1988,"1","",NA,"2",NA,NA,NA,"",NA,NA,NA,0,NA,"2",NA,NA,"",NA,NA,NA,NA,NA
"Halictus_rubicundus ","HPrub ","Halrubicundu","1","Solitary","Halictinae","Halictini","Halictus","Protohalictus","53.407239",5.342125,5,1995,1995,"1","41",NA,"",NA,"0",1,"",0,NA,NA,61,NA,"",NA,NA,NA,0,NA,NA,NA,1
"Halictus_rubicundus ","HPrub ","Halrubicundu","4","Eusocial","Halictinae","Halictini","Halictus","Protohalictus","52.100963",5.188277,5,1995,1995,"1","26",NA,"",NA,"0",NA,"",17,NA,NA,29.4,NA,"1",NA,NA,"",NA,NA,NA,NA,NA
"Halictus_rubicundus ","HPrub ","Halrubicundu","4","Eusocial","Halictinae","Halictini","Halictus","Protohalictus","45.05812",-63.502843,560,1929,1932,"1","",NA,"2",NA,NA,NA,"",NA,NA,NA,NA,NA,"",NA,NA,"",NA,NA,NA,NA,NA
"Halictus_farinosus","HNfar","Halfarinosus","4","Eusocial","Halictinae","Halictini","Halictus","Nealictus","41.769109",-111.773066,1590,2010,2010,"1","66",NA,"2",NA,"0",NA,"",3.5,13.4,16.7,15,45,"",NA,73.5,"77.5",8.79,6.19,NA,2,NA
"Halictus_farinosus","HNfar","Halfarinosus","4","Eusocial","Halictinae","Halictini","Halictus","Nealictus","41.769109",-111.773066,1590,2002,2002,"1","70",NA,"2",NA,NA,NA,"",3.2,13.1,NA,NA,NA,"",NA,60.4,"46.1",5.79,NA,NA,2,NA
"Halictus_farinosus","HNfar","Halfarinosus","4","Eusocial","Halictinae","Halictini","Halictus","Nealictus","41.77109",-111.755988,1600,1976,1977,"1","",NA,"2",NA,"0",NA,"1",NA,NA,NA,0,NA,"",NA,NA,"0",NA,NA,NA,2,NA
"Halictus_farinosus","HNfar","Halfarinosus","4","Eusocial","Halictinae","Halictini","Halictus","Nealictus","38.533783",-121.752918,15,1979,1979,"1","11",NA,"2",NA,"0",NA,"",NA,NA,59,NA,36.4,"1",NA,56,"83",3.4,1,NA,NA,NA
"Halictus_ligatus","HOlig","Halligatus","4","Eusocial","Halictinae","Halictini","Halictus","Odontalictus","43.142393",-79.228231,50,2006,2006,"1","67",1,"1",NA,"1",NA,"1",5.1,7.9,NA,9.5,31,"1",3.9,59,"39",16.5,NA,NA,2,NA
"Halictus_ligatus","HOlig","Halligatus","4","Eusocial","Halictinae","Halictini","Halictus","Odontalictus","43.500068",-79.999618,200,1984,1984,"1","117",1,"1",NA,"1",NA,"1",6.65,13.5,NA,14.6,NA,"1",5.65,60,"47",11.6,NA,NA,2,NA
"Halictus_ligatus","HOlig","Halligatus","4","Eusocial","Halictinae","Halictini","Halictus","Odontalictus","43.500068",-79.999618,200,1990,1990,"1","91",1,"1",NA,"1",NA,"1",5.83,13.5,NA,11.5,50,"1",5.16,60,"47",14.5,NA,NA,2,NA
"Halictus_ligatus","HOlig","Halligatus","4","Eusocial","Halictinae","Halictini","Halictus","Odontalictus","43.500068",-79.999618,200,1991,1991,"1","68",1,"1",NA,"1",NA,"1",9,13.5,NA,5.5,52,"1",8.5,60,"47",9.9,NA,NA,2,NA
"Halictus_ligatus","HOlig","Halligatus","4","Eusocial","Halictinae","Halictini","Halictus","Odontalictus","42.42864",-76.491927,100,1973,1973,"1","25",NA,"",NA,"1",NA,"1",NA,8.3,10.1,NA,NA,"1",4.3,NA,"",NA,NA,NA,NA,NA
"Halictus_ligatus","HOlig","Halligatus","4","Eusocial","Halictinae","Halictini","Halictus","Odontalictus","42.42864",-76.491927,100,1974,1974,"1","32",1,"",NA,"0",NA,"1",1.9,4.8,6.8,NA,NA,"1",3.4,35,"5.7",14.4,NA,NA,NA,NA
"Halictus_ligatus","HOlig","Halligatus","4","Eusocial","Halictinae","Halictini","Halictus","Odontalictus","42.42864",-76.491927,100,1974,1974,"1","32",1,"",NA,"1",NA,"1",3,4.8,6.8,NA,NA,"1",3.4,35,"5.7",14.4,NA,NA,NA,NA
"Halictus_ligatus","HOlig","Halligatus","4","Eusocial","Halictinae","Halictini","Halictus","Odontalictus","42.42864",-76.491927,100,1975,1975,"1","6",1,"",NA,"0",NA,"1",4,NA,NA,NA,NA,"1",NA,NA,"",NA,NA,NA,NA,NA
"Halictus_ligatus","HOlig","Halligatus","4","Eusocial","Halictinae","Halictini","Halictus","Odontalictus","42.42864",-76.491927,100,1975,1975,"1","5",1,"",NA,"1",NA,"1",6.2,NA,NA,NA,NA,"1",NA,NA,"",NA,NA,NA,NA,NA
"Halictus_poeyi (assumed)","HOpoe","","4","Eusocial","Halictinae","Halictini","Halictus","Odontalictus","10.639701",-61.396875,100,1974,1974,"2","62",1,"",NA,NA,NA,"0,1",NA,NA,34,58,NA,"",NA,53,"63.8",NA,NA,NA,NA,NA
"Halictus_poeyi (assumed)","HOpoe","","4","Eusocial","Halictinae","Halictini","Halictus","Odontalictus","24.575386",-81.743701,5,1984,1984,"2","51",NA,"",NA,"1",NA,"",6.83,28.6,NA,11,NA,"1",NA,68,"50",16,NA,NA,NA,NA
"Halictus_confusus","HScon","","4","Eusocial","Halictinae","Halictini","Halictus","Seladonia","43.119691",-79.249033,50,2006,2006,"1","14",NA,"2",NA,"0",NA,"",6.3,NA,NA,22,NA,"1",NA,NA,"49",5.6,4.16,NA,NA,NA
"Halictus_confusus","HScon","","1,4","Sol/Eus","Halictinae","Halictini","Halictus","Seladonia","",NA,NA,NA,NA,"","",NA,"",NA,NA,NA,"",NA,NA,NA,NA,NA,"",NA,NA,"",NA,NA,NA,NA,NA
"Halictus_aerarius","HSser","","4","Eusocial","Halictinae","Halictini","Halictus","Seladonia","36.12",138.01,NA,1960,1960,"1","",NA,"",NA,NA,NA,"",NA,NA,NA,NA,NA,"",15,NA,"",NA,NA,NA,NA,NA
"Halictus_jucundus","HSjuc","","",NA,"Halictinae","Halictini","Halictus","Seladonia","-34.049",18.386,NA,NA,NA,"","1",NA,"",NA,"0",NA,"",NA,NA,NA,NA,NA,"",5,NA,"",9.4,9.4,NA,NA,NA
"Halictus_kessleri","HSkes","","",NA,"Halictinae","Halictini","Halictus","Seladonia","",NA,NA,NA,NA,"","",NA,"",NA,NA,NA,"",NA,NA,NA,NA,NA,"",NA,NA,"",NA,NA,NA,NA,NA
"Halictus_lutescens","HSlut","","4","Eusocial","Halictinae","Halictini","Halictus","Seladonia","",NA,800,1980,1980,"","1",NA,"",NA,NA,NA,"",NA,NA,NA,NA,NA,"",600,83,"",NA,NA,NA,NA,NA
"Halictus_tripartitus","HStri","","4","Eusocial","Halictinae","Halictini","Halictus","Seladonia","38.40409",-122.52868,135,2002,2003,"1","",NA,"",NA,NA,NA,"",NA,NA,NA,NA,NA,"1",NA,22.6,"16-28",5.14,NA,NA,NA,NA
"Halictus_confusus","HScon","","1","Solitary","Halictinae","Halictini","Halictus","Seladonia","45.05812",-63.502843,60,1929,1932,"1","",NA,"",NA,NA,1,"",NA,NA,NA,NA,NA,"",NA,NA,NA,0,NA,NA,NA,1
"Halictus_lanei","HSlan","","4","Eusocial","Halictinae","Halictini","Halictus","Seladonia","-11.88381",55.585333,370,2001,2001,"2","0",NA,"",NA,NA,NA,"",NA,NA,NA,NA,NA,"",NA,NA,"",NA,NA,NA,NA,NA
"Halictus_subauratus","HSsub","","4","Eusocial","Halictinae","Halictini","Halictus","Seladonia","",NA,NA,NA,NA,"","",NA,"",NA,NA,NA,"",NA,NA,NA,NA,NA,"",NA,NA,"",NA,NA,NA,NA,NA
"Halictus_tumulorum","HStum","","4","Eusocial","Halictinae","Halictini","Halictus","Seladonia","48.62102",6.174256,270,1991,1991,"1","",NA,"",1,NA,NA,"",NA,NA,NA,30,NA,"1",NA,4,"90",8,7.66,NA,NA,NA
"Halictus_tumulorum","HStum","","4","Eusocial","Halictinae","Halictini","Halictus","Seladonia","",NA,NA,NA,NA,"","200",NA,"",NA,NA,NA,"",NA,NA,NA,NA,NA,"",NA,NA,"",NA,NA,NA,NA,NA
"Halictus_virgatellus","HSver","","1","Solitary","Halictinae","Halictini","Halictus","Seladonia","",NA,NA,NA,NA,"1","",NA,"",NA,NA,1,"",NA,NA,NA,NA,NA,"",NA,NA,NA,0,NA,NA,NA,NA
"Halictus_scabiosae","HHsca","Halscabiosae","4","Eusocial","Halictinae","Halictini","Halictus","Hexataenites","46.20714",6.173917,420,1964,1964,"1","7",NA,"",NA,NA,NA,"",NA,NA,17.6,NA,NA,"",25,25,"87.5",NA,NA,NA,NA,NA
"Halictus_scabiosae","HHsca","Halscabiosae","4","Eusocial","Halictinae","Halictini","Halictus","Hexataenites","47.582322",8.684485,435,2009,2009,"1","1111",NA,"",NA,"1",NA,"",2.58,4.81,NA,5,15,"",2.45,NA,"",6,NA,NA,NA,NA
"Halictus_latisignathus","HRlat","","4","Eusocial","Halictinae","Halictini","Halictus","Ramalictus","18.75926",73.401089,650,1966,1966,"2","",NA,"",NA,NA,NA,"",NA,NA,NA,NA,NA,"",NA,27,"0",18.7,NA,NA,NA,NA
"Halictus_patellatus","HMpat","","4","Eusocial","Halictinae","Halictini","Halictus","Monilapis","",NA,NA,NA,NA,"","",NA,"",NA,NA,NA,"",NA,NA,NA,NA,NA,"",NA,NA,"",NA,NA,NA,NA,NA
"Halictus_sexcinctus","HHsex","Halsexcinctu","4","Eusocial","Halictinae","Halictini","Halictus","Hexataenites","36.64739",22.893267,100,1997,1997,"1","22",NA,"",NA,"0",NA,"",8.5,4.9,NA,19,66,"1",0.4,65,"26",4.8,4.5,NA,NA,NA
"Halictus_sexcinctus","HHsex","Halsexcinctu","4","Eusocial","Halictinae","Halictini","Halictus","Hexataenites","36.64739",22.893267,100,1998,1998,"1","85",NA,"",NA,"0",NA,"",7,5.8,NA,26,29,"1",1.3,76,"63",8.3,2.7,NA,NA,NA
"Halictus_sexcinctus","HHsex","Halsexcinctu","2,4",NA,"Halictinae","Halictini","Halictus","Hexataenites","36.64739",22.893267,100,1998,1998,"1","127",NA,"",NA,NA,NA,"",NA,NA,NA,NA,NA,"",NA,NA,"",NA,NA,NA,NA,1
"Halictus_sexcinctus","HHsex","Halsexcinctu","1","Solitary","Halictinae","Halictini","Halictus","Hexataenites","",NA,NA,NA,NA,"1","264",NA,"",NA,NA,1,"",NA,NA,NA,NA,NA,"",NA,NA,NA,0,NA,NA,NA,NA
"Halictus_sexcinctus","HHsex","Halsexcinctu","1","Solitary","Halictinae","Halictini","Halictus","Hexataenites","",NA,NA,NA,NA,"1","124.5",NA,"",NA,NA,1,"",NA,NA,NA,NA,NA,"",NA,NA,NA,0,NA,NA,NA,NA
"Halictus_fulvipes","HHful","Halfulvipes","4","Eusocial","Halictinae","Halictini","Halictus","Hexataenites","43.181252",5.602636,30,1967,1967,"1","",NA,"",NA,NA,NA,"",NA,NA,NA,NA,NA,"",NA,NA,"",NA,NA,NA,NA,NA
"Halictus_resurgens","HHres","","4","Eusocial","Halictinae","Halictini","Halictus","Hexataenites","",NA,NA,NA,NA,"","",NA,"",NA,NA,NA,"",NA,NA,NA,20,NA,"",NA,NA,"",5,NA,NA,NA,NA
"Halictus_tsingtouensis","HMtsi","","1","Solitary","Halictinae","Halictini","Halictus","Monilapis","43.078124",141.339257,15,1980,1980,"1","5",NA,"1",NA,"0",1,"",9,NA,NA,NA,NA,"",NA,NA,NA,0,NA,NA,2,1
"Halictus_cochlearitarsis","HAcoc","","4","Eusocial","Halictinae","Halictini","Halictus","Argalictus","",NA,NA,NA,NA,"","",NA,"",NA,NA,NA,"",NA,NA,NA,20,NA,"",NA,NA,"",NA,NA,NA,NA,NA
"Habralictus_canaliculatus","Hcan","","1,2","Communal","Halictinae","Halictini","Habralictus","","-25.52359",-49.345796,900,1955,1956,"1,2","10",1,"",NA,"1",NA,"",NA,NA,NA,NA,NA,"0",NA,NA,NA,0,NA,NA,NA,2
"Ruizantheda_divaricata","Rdiv","","1,2","Communal","Halictinae","Halictini","Ruizantheda","","-25.52359",-49.345796,900,1955,1956,"1,2","",NA,"",NA,"1",7.9,"1",NA,NA,NA,NA,62,"0",NA,NA,NA,0,NA,NA,NA,1
"Psuedagapostemon_puelchanus","Ppue","","2","Communal","Halictinae","Halictini","Pseudagapostemon","","-25.52359",-49.345796,900,1955,1956,"1,2","10",NA,"2",NA,"1",3,"1",NA,NA,NA,NA,NA,"0",NA,NA,NA,0,NA,NA,NA,1
"Halictus_hesperus","HShes","","4","Eusocial","Halictinae","Halictini","Halictus","Seladonia","16.909232",-92.054539,800,1985,1985,"1,2","6",NA,"",NA,"0",NA,"",NA,NA,NA,0,NA,"",5,9.3,"5.5",23.4,19.5,NA,NA,NA
"Halictus_hesperus","HShes","","4","Eusocial","Halictinae","Halictini","Halictus","Seladonia","10.45907",-85.471077,NA,1954,1963,"2","4",NA,"",NA,NA,NA,"",NA,NA,NA,NA,NA,"",37.5,25,"0",NA,NA,NA,NA,NA
"Halictus_hesperus","HShes","","4","Eusocial","Halictinae","Halictini","Halictus","Seladonia","10.44261",-85.542645,NA,1981,1981,"2","6",NA,"2",NA,NA,NA,"1",NA,NA,NA,0,48,"1",123,30.1,"10.7",15.2,12.9,NA,2,NA
"Thrincohalictus_prognathus","Tpro","Thrprognathu","1","Solitary","Halictinae","Halictini","Thrincohalictus","","32.794514",35.272898,NA,1998,1998,"3","",NA,"",NA,NA,1,"",NA,NA,NA,NA,NA,"",NA,NA,NA,0,NA,NA,2,1
"Patellapis_Sp. 1","Psp1","","2","Communal","Halictinae","Halictini","Patellapis","","-31.350077",19.133689,760,2002,2006,"1,3","7",0,"",NA,"1",NA,"",NA,NA,NA,NA,NA,"0",NA,NA,NA,0,NA,NA,2,1
"Caenohalictus_eberhardorum","Cebe","","1,2","Communal","Halictinae","Halictini","Caenohalictus","","3.52617",-76.620664,1900,1977,1977,"2","18",NA,"",NA,"1",NA,"",NA,NA,NA,NA,NA,"",NA,NA,NA,0,NA,NA,NA,NA
"Habralictus_bimaculatus","Hbim","","1,2","Communal","Halictinae","Halictini","Habralictus","","3.52617",-76.620664,1900,1977,1977,"2","15",NA,"",NA,"1",2.3,"0",4.6,NA,NA,NA,NA,"0",NA,NA,NA,0,NA,NA,NA,NA
"Thrinchostoma_torridum","TEtor","","1","Solitary","Halictinae","Thrincostomini","Thrinchostoma","Eothrincostoma","-29.848629",30.963466,NA,1966,1966,"1,3","2",NA,"",NA,"0",1,"",NA,NA,NA,NA,NA,"",NA,NA,NA,0,NA,NA,NA,NA
"Agapostemon_virescens","AAvir","Agavirescens","2","Communal","Halictinae","Caenohalictini","Agapostemon","Agapostemon","42.453119",-76.475367,100,1975,1975,"1","9",NA,"",NA,"1",NA,"1",NA,NA,NA,NA,64,"0",NA,NA,NA,0,NA,NA,2,1
"Agapostemon_virescens","AAvir","Agavirescens","2","Communal","Halictinae","Caenohalictini","Agapostemon","Agapostemon","38.961589",-95.264662,250,NA,NA,"1","",NA,"",NA,"1",NA,"",NA,NA,NA,NA,NA,"0",NA,NA,NA,0,NA,NA,NA,2
"Agapostemon_angelicus","AAang","","1,2","Communal","Halictinae","Caenohalictini","Agapostemon","Agapostemon","",NA,1270,1973,1973,"1","5",NA,"",NA,"1",NA,"",NA,NA,NA,NA,NA,"0",NA,NA,NA,0,NA,NA,NA,2
"Agapostemon_obliquus","AAobl","","2","Communal","Halictinae","Caenohalictini","Agapostemon","Agapostemon","31.593275",-109.225992,1400,1972,1972,"3","1",NA,"",NA,"1",15,"1",5.1,NA,NA,NA,NA,"0",NA,NA,NA,0,NA,NA,NA,NA
"Agapostemon_sericeus","AAser","Agasericeus","1","Solitary","Halictinae","Caenohalictini","Agapostemon","Agapostemon","42.453119",-76.475367,100,1974,1980,"1","9",NA,"",NA,NA,1,"",6.3,NA,NA,NA,NA,"0",NA,NA,NA,0,NA,NA,NA,1
"Agapostemon_sericeus","AAser","Agasericeus","",NA,"Halictinae","Caenohalictini","Agapostemon","Agapostemon","",NA,NA,NA,NA,"","",NA,"",NA,NA,NA,"",NA,NA,NA,NA,NA,"0",NA,NA,"",NA,NA,NA,NA,2
"Agapostemon_splendens","AAspl","","1","Solitary","Halictinae","Caenohalictini","Agapostemon","Agapostemon","31.62722",-81.156757,10,1978,1978,"1","",NA,"",NA,NA,1,"",NA,NA,NA,NA,NA,"0",NA,NA,NA,0,NA,NA,NA,NA
"Agapostemon_splendens","AAspl","","1","Solitary","Halictinae","Caenohalictini","Agapostemon","Agapostemon","42.706543",-101.323401,950,1965,1965,"1","24",NA,"",NA,NA,1,"",NA,NA,NA,NA,NA,"0",NA,NA,NA,0,NA,NA,NA,NA
"Agapostemon_texanus","AAtex","","1,2","Communal","Halictinae","Caenohalictini","Agapostemon","Agapostemon","38.533935",-121.753022,50,1975,1975,"1,2","7",NA,"",NA,"1",NA,"",NA,NA,NA,NA,NA,"0",NA,NA,NA,0,NA,NA,NA,2
"Agapostemon_texanus","AAtex","","1","Solitary","Halictinae","Caenohalictini","Agapostemon","Agapostemon","38.961589",-95.264662,250,NA,NA,"1","28",NA,"",NA,NA,1,"",8,NA,NA,NA,NA,"",NA,NA,NA,0,NA,NA,2,2
"Ruizanthedella_mutabilis","Rmut","","2","Communal","Halictinae","Caenohalictini","Ruizanthedella","","",NA,NA,NA,NA,"","",NA,"",NA,"1",NA,"",NA,NA,NA,NA,NA,"",NA,NA,NA,0,NA,NA,NA,NA
"Augochlorella_persimilis","Aper","","4","Eusocial","Halictinae","Augochlorini","Augochlorella","","38.958108",-95.25252,310,1963,1963,"1","",NA,"2",NA,"0",NA,"1",NA,NA,NA,19,40,"1",4.9,11,"37",2.6,2.6,NA,NA,NA
"Augochlora_pura","AApur","Augpura","1","Solitary","Halictinae","Augochlorini","Augochlora","Augochlora","38.958108",-95.25252,310,1961,1965,"1","",NA,"2",NA,"0",1,"",0,NA,NA,27,44.5,"0",NA,NA,NA,0,NA,NA,2,2.5
"Augochlorella_aurata","Aaur","","4","Eusocial","Halictinae","Augochlorini","Augochlorella","","38.958108",-95.25252,310,1965,1966,"1","",NA,"1,2",NA,"1",2,"1",4.4,NA,NA,19,40,"",3.6,26.5,"61",4.2,4.2,NA,NA,NA
"Augochlorella_aurata","Aaur","","1,4","Sol/Eus","Halictinae","Augochlorini","Augochlorella","","45.802563",-60.704492,100,1987,1987,"1","43",NA,"",NA,"1",NA,"1",5.51,13.8,NA,75.4,20,"0,1",0.81,5.6,"64.2",2.7,2.7,NA,NA,1
"Augochlorella_aurata","Aaur","","3,4",NA,"Halictinae","Augochlorini","Augochlorella","","42.453119",-76.475367,100,1989,1989,"1","50",NA,"0",0,"1",NA,"1",7.7,11.9,NA,39,46,"1",4.9,NA,"42.75",3.7,NA,NA,NA,NA
"Augochlorella_aurata","Aaur","","3,4",NA,"Halictinae","Augochlorini","Augochlorella","","42.453119",-76.475367,100,1990,1990,"1","50",NA,"",NA,NA,NA,"1",NA,14.8,NA,32.9,56.4,"1",NA,NA,"21.25",3.4,NA,NA,NA,NA
"Augochlorella_aurata","Aaur","","3,4",NA,"Halictinae","Augochlorini","Augochlorella","","42.453119",-76.475367,100,1991,1991,"1","137",NA,"",NA,NA,NA,"1",7.9,11.6,NA,40.3,52.2,"1",NA,NA,"63.75",1.9,NA,NA,NA,NA
"Augochlorella_michaelis","Amic","","3,4",NA,"Halictinae","Augochlorini","Augochlorella","","-25.436039",-49.219483,900,1961,1961,"2","4",NA,"",NA,NA,NA,"",NA,NA,NA,NA,NA,"",NA,NA,"",NA,NA,NA,NA,NA
"Augochlorella_michaelis","Amic","","3,4",NA,"Halictinae","Augochlorini","Augochlorella","","-25.518417",-49.215822,NA,1955,1956,"2","3",NA,"",NA,"0",NA,"",6,36,NA,0,NA,"",1,NA,"",6.93,6.93,NA,NA,NA
"Augochloropsis_iris","Airi","","4","Eusocial","Halictinae","Augochlorini","Augochloropsis","Paraugochloropsis","-22.75000",-45.501517,1520,1989,1991,"1,2","74",NA,"",NA,"1",NA,"1",3.2475,5.325,NA,20.7,13.625,"2",2,3,"85",5,5,NA,NA,NA
"Augochloropsis_ignita","AAign","","1,3,4",NA,"Halictinae","Augochlorini","Augochloropsis","Augochloropsis","10.37106",-85.641189,100,1954,1954,"2","5",1,"",NA,NA,NA,"",NA,NA,NA,NA,NA,"",NA,NA,"",NA,NA,NA,NA,NA
"Augochloropsis_rufisetis","Aruf","","",NA,"Halictinae","Augochlorini","Augochloropsis","","25.38619",-51.480471,1050,1955,1955,"2","1",NA,"",NA,NA,NA,"",NA,NA,NA,NA,NA,"",NA,NA,"",NA,NA,NA,NA,NA
"Augochloropsis_sumptuosa","APsum","","",NA,"Halictinae","Augochlorini","Augochloropsis","Paraugochloropsis","38.961589",-95.264662,250,1953,1953,"1","1",NA,"",NA,NA,NA,"",NA,NA,NA,NA,NA,"",NA,NA,"",NA,NA,NA,NA,NA
"Augochloropsis_sumptuosa","APsum","","1,2,3",NA,"Halictinae","Augochlorini","Augochloropsis","Paraugochloropsis","40.46",-74.59,50,1898,1898,"1","13",0,"2",NA,"1",NA,"",NA,NA,NA,NA,NA,"",NA,NA,"",NA,NA,NA,NA,1
"Augochloropsis_notophos","AAnot","","2,3","Semisocial","Halictinae","Augochlorini","Augochloropsis","Augochloropsis","-23.564959",-46.729728,780,1984,1986,"2","60",1,"",NA,"1",NA,"1",NA,NA,NA,NA,NA,"",NA,NA,"",NA,NA,NA,NA,2
"Megalopta_atra","MMatra","","1","Solitary","Halictinae","Augochlorini","Megalopta","Megalopta","8.73448",-82.240563,1235,2007,NA,"2","17",NA,"",NA,NA,1,"",1.7,NA,NA,NA,NA,"0",NA,NA,NA,0,NA,NA,NA,NA
"Megalopta_centralis","Mcen","","1,4","Sol/Eus","Halictinae","Augochlorini","Megalopta","","9.15607",-79.843702,5,1998,2001,"2","66",1,"",NA,"1",NA,"",NA,NA,NA,NA,NA,"",NA,NA,"",NA,NA,NA,2,NA
"Megalopta_genalis","MMgen","Meggenalis","1,4","Sol/Eus","Halictinae","Augochlorini","Megalopta","Megalopta","9.15607",-79.843702,5,208,2009,"2","38",NA,"",NA,NA,NA,"",3.8,3.85,NA,77,77.5,"1.5",1.22,NA,"",6.7,NA,NA,2,NA
"Megommation _insigne","MMins","","3,4",NA,"Halictinae","Augochlorini","Megommation ","Megommation ","-25.52359",-49.345796,900,1955,1956,"1,2","4",1,"",NA,NA,NA,"",NA,NA,NA,NA,NA,"1",1,NA,"",NA,NA,NA,NA,NA
"Megommation _insigne","MMins","","",NA,"Halictinae","Augochlorini","Megommation ","Megommation ","-25.451053",-49.331827,930,1961,1961,"2","1",NA,"",NA,NA,NA,"",NA,NA,NA,NA,NA,"",NA,NA,"",NA,NA,NA,NA,NA
"Neocorynura_polybioides","Npol","","1,2","Communal","Halictinae","Augochlorini","Neocorynura","","-25.52359",-49.345796,900,1955,1955,"1,2","9",NA,"",NA,"1",NA,"",10,NA,NA,NA,NA,"",NA,NA,NA,0,NA,NA,NA,NA
"Neocorynura_fumipennis","Nfum","","1,3",NA,"Halictinae","Augochlorini","Neocorynura","","9.93704",-84.053778,1200,1963,1963,"2","40",1,"",NA,"0",NA,"1",5,NA,NA,NA,NA,"",NA,NA,"",NA,NA,NA,NA,NA
"Neocorynura_pubescens ","Npub","","1","Solitary","Halictinae","Augochlorini","Neocorynura","","9.93704",-84.053778,1200,1963,1963,"2","1",NA,"",NA,"0",1,"",NA,NA,NA,NA,NA,"",NA,NA,NA,0,NA,NA,NA,NA
"Neocorynura_pubescens ","Npub","","1","Solitary","Halictinae","Augochlorini","Neocorynura","","6.11881",-75.431193,2120,1973,1973,"2","",1,"",NA,"0",1,"0",NA,NA,NA,NA,NA,"",NA,NA,NA,0,NA,NA,2,NA
"Neocorynura_columbiana","Ncol","","",NA,"Halictinae","Augochlorini","Neocorynura","","11.12309",-73.885165,2200,NA,NA,"","",NA,"",NA,NA,NA,"",NA,NA,NA,NA,NA,"",NA,NA,"",NA,NA,NA,NA,NA
"Neocorynura_errinys","Nerr","","1,3",NA,"Halictinae","Augochlorini","Neocorynura","","",NA,NA,NA,NA,"","",NA,"",NA,NA,NA,"",NA,NA,NA,NA,NA,"",NA,NA,"",NA,NA,NA,NA,NA
"Paroxystoglossa_andromache","Pand","","1,3",NA,"Halictinae","Augochlorini","Paroxystoglossa","","-25.52359",-49.345796,900,1955,1956,"1,2","12",NA,"",NA,NA,NA,"",NA,NA,NA,NA,NA,"",NA,NA,"",NA,NA,NA,NA,NA
"Paroxystoglossa_jocasta","Pjac","","1","Solitary","Halictinae","Augochlorini","Paroxystoglossa","","-25.50912",-49.269889,900,1955,1956,"1","30",NA,"",NA,"1",1,"",NA,NA,NA,NA,NA,"",NA,NA,NA,0,NA,NA,NA,2
"Paroxystoglossa_seabrai","Psea","","1,3",NA,"Halictinae","Augochlorini","Paroxystoglossa","","-22.94938",-43.291694,550,1955,1956,"1,2","11",1,"1",NA,"1",1.6,"",7.3,NA,NA,NA,NA,"0",NA,NA,"0",5.5,5.5,NA,NA,2
"Paroxystoglossa_spiloptera","Pspi","","1,3",NA,"Halictinae","Augochlorini","Paroxystoglossa","","-26.03155",-48.855055,5,1955,NA,"1,2","8",NA,"",NA,NA,NA,"",7,NA,NA,NA,NA,"0",NA,NA,"",NA,NA,NA,NA,NA
"Perirapis_semiaurata","Psem","","4","Eusocial","Halictinae","Augochlorini","Perirapis","","",NA,NA,NA,NA,"","",NA,"",NA,NA,NA,"",NA,NA,NA,NA,NA,"",NA,NA,"",NA,NA,NA,NA,NA
"Augochlora_amphitrite","AAamp","","4","Eusocial","Halictinae","Augochlorini","Augochlora","Augochlora","-34.46946",-58.494422,5,2008,2008,"","3",NA,"",NA,NA,NA,"",NA,NA,NA,NA,NA,"1",NA,NA,"",NA,NA,NA,NA,NA
"Augochlora_isthmii","AAist","","1,4","Sol/Eus","Halictinae","Augochlorini","Augochlora","Augochlora","9.15607",-79.843702,5,2000,2000,"2","8",0,"",NA,NA,NA,"",NA,NA,9,NA,33,"",NA,NA,"",NA,NA,NA,2,NA
"Augochlora_nominata","AOnom","","",NA,"Halictinae","Augochlorini","Augochlora","Oxystoglossella","9.82816",-83.675128,4,1965,1965,"2","36",0,"",NA,"0",NA,"1",NA,NA,NA,33,NA,"1",2.3,NA,"",14.8,14.8,NA,NA,NA
"Augochlora_semiramis","AOsem","","3,4",NA,"Halictinae","Augochlorini","Augochlora","Oxystoglossella","-24.3",51.5,900,1955,1956,"1","3",1,"",NA,NA,NA,"",NA,NA,NA,NA,NA,"",NA,NA,"",NA,NA,NA,NA,NA
"Augochlora_semiramis","AOsem","","",NA,"Halictinae","Augochlorini","Augochlora","Oxystoglossella","-25.451053",-49.331827,930,NA,NA,"","4",1,"",NA,"0",NA,"",NA,NA,NA,NA,NA,"",NA,NA,"",NA,NA,NA,NA,NA
"Augochlora_cordiaefloris","AOcor","","4","Eusocial","Halictinae","Augochlorini","Augochlora","Oxystoglossella","9.97111",-84.017108,1340,1964,1964,"2","1",NA,"",NA,NA,NA,"1",NA,NA,24,NA,50,"",NA,0.166666667,"0.166666667",NA,NA,NA,NA,NA
"Augochlorella_comis","Acom","","1,3",NA,"Halictinae","Augochlorini","Augochlorella","","9.97111",-84.017108,1340,1965,1965,"2","21",0,"",NA,"1",NA,"",2.2,NA,NA,NA,NA,"",0.79,NA,"",3.1,3.1,NA,2,NA
"Augochlorodes_turrifaciens","Atur","","1,3",NA,"Halictinae","Augochlorini","Augochlorodes","","-22.94938",-43.291694,550,1956,1956,"2","",NA,"",NA,NA,NA,"",7,NA,NA,NA,NA,"",NA,NA,"",NA,NA,NA,NA,NA
"Augochloropsis_brachycephala","AAbra","","1,3",NA,"Halictinae","Augochlorini","Augochloropsis","Augochloropsis","-22.94938",-43.291694,400,1955,1965,"2","",NA,"",NA,NA,NA,"",NA,NA,NA,NA,NA,"",NA,NA,"",NA,NA,NA,NA,NA
"Augochloropsis_cleopatra","APcle","","1","Solitary","Halictinae","Augochlorini","Augochloropsis","Paraugochloropsis","-26.03155",-48.855055,5,1955,1955,"1,2","3",NA,"",NA,NA,1,"",NA,NA,NA,NA,NA,"",NA,NA,NA,0,NA,NA,NA,NA
"Augochloropsis_diversipennis","AAdiv","","1,2","Communal","Halictinae","Augochlorini","Augochloropsis","Augochloropsis","-25.52359",-49.345796,900,1955,1955,"1,2","28",NA,"",NA,"1",NA,"",NA,NA,NA,NA,NA,"",NA,NA,NA,0,NA,NA,NA,NA
"Augochloropsis_iris","APiri","","1,3",NA,"Halictinae","Augochlorini","Augochloropsis","Paraugochloropsis","-25.50912",-49.269889,900,1955,1955,"1,2","5",NA,"",NA,NA,NA,"",NA,NA,NA,NA,NA,"",NA,NA,"",NA,NA,NA,NA,NA
"Augochloropsis_sparsilis","APspa","","1,3",NA,"Halictinae","Augochlorini","Augochloropsis","Paraugochloropsis","-25.52359",-49.345796,900,1955,1955,"1,2","85",1,"1",NA,"1",NA,"1",NA,NA,NA,NA,43,"0",NA,NA,"",NA,NA,NA,NA,2
"Caenaugochlora_costaricensis","CCcos","","1,2,3",NA,"Halictinae","Augochlorini","Caenaugochlora","Caenaugochlora","9.93662",-84.105623,1130,1963,1963,"2","21",1,"",NA,"0",NA,"",NA,NA,NA,NA,NA,"1",NA,NA,"",9.1,9.1,NA,1,NA
"Pseudaugochlora_graminea","Pgra","","1,3",NA,"Halictinae","Augochlorini","Pseudaugochlora","","9.93662",-84.105623,1130,1963,1963,"2","23",1,"",NA,NA,NA,"",NA,NA,NA,NA,NA,"",NA,NA,"",5.53,5.53,NA,2,NA
"Pseudaugochlora_graminea","Pgra","","1,3",NA,"Halictinae","Augochlorini","Pseudaugochlora","","-25.52359",-49.345796,900,1955,1956,"1,2","",1,"",NA,NA,NA,"",NA,NA,NA,NA,NA,"",NA,NA,"",7.2,7.2,NA,NA,NA
"Pseudaugochlora_sordicutis","Psor","","1,3",NA,"Halictinae","Augochlorini","Pseudaugochlora","","9.93662",-84.105623,1130,1963,1963,"2","20",1,"",NA,NA,NA,"",NA,NA,NA,NA,NA,"",NA,NA,"",7.49,7.49,NA,2,NA
"Xenochlora_ianthina","Xian","","3,4",NA,"Halictinae","Augochlorini","Xenochlora","","-12.57081",-70.095325,268,2006,2006,"2","1",NA,"",NA,NA,NA,"",NA,NA,NA,NA,NA,"",NA,NA,"",NA,NA,NA,NA,NA
"Xenochlora_nigrofemorata","Xnig","","3,4",NA,"Halictinae","Augochlorini","Xenochlora","","-12.57081",-70.095325,268,2006,2006,"2","4",NA,"",NA,NA,NA,"",NA,NA,NA,NA,NA,"",NA,NA,"",NA,NA,NA,NA,NA
"Rhinocorynura_inflaticeps","Rinf","","3","Semisocial","Halictinae","Augochlorini","Rhinocorynura","","-25.31719",-49.29965,940,1961,1961,"1,2","1",NA,"",NA,"1",NA,"",NA,NA,NA,NA,NA,"",NA,NA,"",NA,NA,NA,NA,NA
"Corynura_apicata","CCapi","","1","Solitary","Halictinae","Augochlorini","Corynura","Corynura","",NA,NA,NA,NA,"","",NA,"",NA,NA,1,"",NA,NA,NA,NA,NA,"",NA,NA,NA,0,NA,NA,NA,NA
"Corynura_chloris","CCchl","","2,3","Semisocial","Halictinae","Augochlorini","Corynura","Callistochlora","",NA,NA,NA,NA,"","",NA,"",NA,"1",NA,"",NA,NA,NA,NA,NA,"",NA,NA,"",NA,NA,NA,NA,NA
"Corynura_cristata","CCcri","","1,2","Communal","Halictinae","Augochlorini","Corynura","Corynura","",NA,NA,NA,NA,"","",NA,"",NA,"1",NA,"",NA,NA,NA,NA,NA,"",NA,NA,NA,0,NA,NA,NA,NA
"Corynura_herbsti","CCher","","1,2","Communal","Halictinae","Augochlorini","Corynura","Corynura","",NA,NA,NA,NA,"","",NA,"",NA,"1",NA,"",NA,NA,NA,NA,NA,"",NA,NA,NA,0,NA,NA,NA,NA
"Halictillus_glabrescens","Hgla","","2,3","Semisocial","Halictinae","Augochlorini","Halictillus","","",NA,NA,NA,NA,"","",NA,"",NA,"1",NA,"",NA,NA,NA,NA,NA,"",NA,NA,"",NA,NA,NA,NA,NA
"Corynura_apicata","CCapi","","1","Solitary","Halictinae","Augochlorini","Corynura","Corynura","",NA,NA,NA,NA,"","",NA,"",NA,NA,1,"",NA,NA,NA,NA,NA,"",NA,NA,NA,0,NA,NA,NA,NA
"Corynura_chloris","CCchl","","2,3","Semisocial","Halictinae","Augochlorini","Corynura","Callistochlora","",NA,NA,NA,NA,"","",NA,"",NA,"1",NA,"",NA,NA,NA,NA,NA,"",NA,NA,"",NA,NA,NA,NA,NA
"Corynura_cristata","CCcri","","1,2","Communal","Halictinae","Augochlorini","Corynura","Corynura","",NA,NA,NA,NA,"","",NA,"",NA,"1",NA,"",NA,NA,NA,NA,NA,"",NA,NA,NA,0,NA,NA,NA,NA
"Corynura_herbsti","CCher","","1,2","Communal","Halictinae","Augochlorini","Corynura","Corynura","",NA,NA,NA,NA,"","",NA,"",NA,"1",NA,"",NA,NA,NA,NA,NA,"",NA,NA,NA,0,NA,NA,NA,NA
"Halictillus_glabrescens","Hgla","","2,3","Semisocial","Halictinae","Augochlorini","Halictillus","","",NA,NA,NA,NA,"","",NA,"",NA,"1",NA,"",NA,NA,NA,NA,NA,"",NA,NA,"",NA,NA,NA,NA,NA
"Dieunomia_triangulifera","DEtri","Dietrianguli","1","Solitary","Nomiinae","Nomiinae","Dieunomia","Epinomia","39.032071",-95.297394,300,1954,1959,"1","",NA,"3",NA,"0",1,"",10.5,NA,NA,NA,NA,"0",NA,NA,NA,0,NA,NA,1,1
"Dieunomia_triangulifera","DEtri","Dietrianguli","1","Solitary","Nomiinae","Nomiinae","Dieunomia","Epinomia","39.606648",-112.847323,300,1954,1959,"1","",NA,"3",NA,"0",1,"",10.5,NA,NA,NA,NA,"0",NA,NA,NA,0,NA,NA,1,1
"Dieunomia_triangulifera","DEtri","Dietrianguli","1","Solitary","Nomiinae","Nomiinae","Dieunomia","Epinomia","",NA,NA,1914,1918,"2","6",1,"",NA,"0",1,"",NA,NA,NA,NA,NA,"0",NA,NA,NA,0,NA,NA,1,NA
"Dieunomia_heteropoda","DDhet","","1","Solitary","Nomiinae","Nomiinae","Dieunomia","Dieunomia","38.23331",-111.118589,1600,1983,1983,"2","24",NA,"3",NA,NA,1,"",3.6,NA,NA,NA,NA,"",NA,NA,NA,0,NA,NA,NA,NA
"Dieunomia_heteropoda","DDhet","","1","Solitary","Nomiinae","Nomiinae","Dieunomia","Dieunomia","31.825326",-109.45506,1600,1991,1991,"1,3","19",NA,"3",NA,NA,1,"",NA,NA,NA,NA,NA,"",NA,NA,NA,0,NA,NA,1,1
"Dieunomia_heteropoda","DDhet","","1","Solitary","Nomiinae","Nomiinae","Dieunomia","Dieunomia","39.032071",-95.297394,300,1954,1954,"1","1",NA,"",NA,NA,1,"",NA,NA,NA,NA,NA,"",NA,NA,NA,0,NA,NA,NA,NA
"Dieunomia_nevadensis","DEnev","Dienevadensi","1","Solitary","Nomiinae","Nomiinae","Dieunomia","Epinomia","39.010946",-95.141368,300,1962,1962,"","18",NA,"3",NA,NA,1,"",NA,NA,NA,NA,NA,"",NA,NA,NA,0,NA,NA,NA,NA
"Nomia_chalybeata","NAcha","","1,2,3",NA,"Nomiinae","Nomiinae","Nomia","Acunomia","24.344214",123.831336,150,2003,2004,"2","26",1,"3",NA,NA,NA,"",10.95,NA,NA,NA,65,"",NA,NA,"",NA,NA,NA,2,2.5
"Nomia_tetrazonata","NAtet","Nomtetrazona","2","Communal","Nomiinae","Nomiinae","Nomia","Acunomia","31.633406",-111.54456,1110,1991,1991,"3","5",NA,"3",NA,"1",12.3,"0",NA,NA,NA,NA,NA,"",NA,NA,NA,0,NA,NA,NA,NA
"Nomia_nortoni","NAnor","","2","Communal","Nomiinae","Nomiinae","Nomia","Acunomia","",NA,NA,1928,1928,"1","",NA,"3",NA,"1",NA,"",NA,NA,NA,NA,NA,"",NA,NA,NA,0,NA,NA,NA,1
"Nomia_melanderi","NAmel","","1","Solitary","Nomiinae","Nomiinae","Nomia","Acunomia","46.213482",-118.474728,300,1965,1973,"1","",NA,"3",NA,NA,1,"",0,NA,NA,57.4,NA,"",NA,NA,NA,0,NA,NA,2,1
"Nomia_melanderi","NAmel","","",NA,"Nomiinae","Nomiinae","Nomia","Acunomia","",NA,NA,NA,NA,"","",NA,"",NA,NA,NA,"",NA,NA,NA,NA,NA,"",NA,NA,"",NA,NA,NA,NA,NA
"Nomia_sp.","NRsp","","1","Solitary","Nomiinae","Nomiinae","Nomia","Rhopalomelissa","6.049947",10.233344,1372,1966,1966,"2","8",NA,"",NA,"0",1,"",5,NA,NA,NA,NA,"0",NA,NA,NA,0,NA,NA,NA,NA
"Nomia_candida","NLcan","","2","Communal","Nomiinae","Nomiinae","Nomia","Leuconomia","6.049947",10.233344,1372,1966,1966,"2","1",NA,"",NA,"1",NA,"1",NA,NA,NA,NA,NA,"",NA,NA,NA,0,NA,NA,NA,NA
"Nomia_pulchribalteata","NHpul","","1","Solitary","Nomiinae","Nomiinae","Nomia","Hoplonomia","-9.188189",147.325337,NA,1959,1959,"2","",NA,"",NA,"0",1,"",16,NA,NA,NA,NA,"",NA,NA,NA,0,NA,NA,NA,NA
"Nomia_incerta","NHinc","","2","Communal","Nomiinae","Nomiinae","Nomia","Haplonomia","35.584441",138.615995,NA,1943,1943,"","",1,"3",NA,"1",NA,"",0,NA,NA,42,66,"",NA,NA,NA,0,NA,NA,NA,2
"Nomia_incerta","NHinc","","1,2","Communal","Nomiinae","Nomiinae","Nomia","Haplonomia","33.653251",130.451471,10,1959,1960,"1","",1,"",NA,"1",NA,"0",NA,NA,NA,NA,NA,"",NA,NA,NA,0,NA,NA,2,2
"Nomia_nasicana","Nnas","","1","Solitary","Nomiinae","Nomiinae","Nomia","","31.505212",75.306323,230,1964,1964,"2","3",NA,"1",NA,NA,1,"0",NA,NA,NA,NA,NA,"",NA,NA,NA,0,NA,NA,NA,NA
"Nomia_capitata","Ncap","","2,3","Semisocial","Nomiinae","Nomiinae","Nomia","","30.902689",75.804005,250,1964,1964,"2","4",NA,"",NA,"1",4.7,"1",NA,NA,NA,NA,NA,"0",NA,NA,"",NA,NA,NA,1,1
"Pseudapis_oxybeloides","PPoxy","","2","Communal","Nomiinae","Nomiinae","Pseudapis","Pseudapis","30.902689",75.804005,250,1964,1965,"3","3",NA,"",NA,"1",NA,"1",NA,NA,NA,NA,NA,"0",NA,NA,NA,0,NA,NA,2,NA
"Pseudapis_diversipes","PNdiv","","2","Communal","Nomiinae","Nomiinae","Pseudapis","Nomiapis","30.494706",66.990957,1500,1984,1984,"3","3",1,"",NA,"1",NA,"",NA,NA,NA,NA,NA,"",NA,NA,NA,0,NA,NA,NA,NA
"Pseudapis_unidentata","Puni","Pseunidentat","1","Solitary","Nomiinae","Nomiinae","Pseudapis","","31.067625",30.126362,0,1979,1979,"3","",NA,"3",NA,"0",1,"",0,NA,NA,33,NA,"0",NA,NA,NA,0,NA,NA,2,2
"Lipotriches_sjostedti","LAsjo","","2","Communal","Nomiinae","Nomiinae","Lipotriches","Afronomia","-29.570336",30.328753,930,1967,1967,"1","1",1,"",NA,"1",2,"",NA,NA,NA,NA,NA,"",NA,NA,NA,0,NA,NA,NA,NA
"Lipotriches_tanganyicensis","LLtan","","1,2","Communal","Nomiinae","Nomiinae","Lipotriches","Lipotriches","-25.516798",28.34921,1164,1992,1995,"3","",NA,"3",NA,"1",NA,"",14,NA,NA,NA,NA,"",NA,NA,NA,0,NA,NA,1,1
"Lipotriches_notabilis","LLnot","","1,2","Communal","Nomiinae","Nomiinae","Lipotriches","Lipotriches","7.322113",13.561694,169,1999,2001,"2","",NA,"3",NA,"1",NA,"",10,NA,NA,NA,NA,"",NA,NA,NA,0,NA,NA,1,NA
"Lipotriches_eskii","LResk","","1","Solitary","Nomiinae","Nomiinae","Lipotriches","Rhopalomelissa?","33.653251",130.451471,10,1958,1960,"1","16",1,"3",NA,"0",1,"0",NA,NA,NA,NA,NA,"0",NA,NA,NA,0,NA,NA,1,1
"Lipotriches_yasumatsui","Ryas","","1","Solitary","Nomiinae","Nomiinae","Lipotriches","Rhopalomelissa","33.68879",130.431126,10,1959,1959,"1","",1,"3",NA,NA,1,"",NA,NA,NA,NA,NA,"0",NA,NA,NA,0,NA,NA,NA,1
"Lipotriches_australica","NAaus","Lipaustralic","1,2","Communal","Nomiinae","Nomiinae","Lipotriches","Austronomia","-38.138141",141.404828,50,1990,1990,"1,3","54",1,"3",NA,"1",NA,"1",NA,NA,NA,NA,NA,"0",0,NA,NA,0,NA,NA,NA,NA
"Nomioides_variegatus","Nvar","","1","Solitary","Nomiodinae","Nomiodinae","Nomioides","","43.456028",4.718508,5,1996,1997,"1","6",NA,"3",NA,NA,1,"0",NA,NA,NA,NA,NA,"",NA,NA,NA,0,NA,NA,2,1
"Nomioides_variegatus","Nvar","","1,2","Communal","Nomiodinae","Nomiodinae","Nomioides","","30.902105",75.806452,5,1996,1997,"2","9",NA,"3",NA,"1",NA,"",NA,NA,NA,NA,NA,"",NA,NA,NA,0,NA,NA,2,1
"Nomioides_minutissimus","Nmin","","1","Solitary","Nomiodinae","Nomiodinae","Nomioides","","48.244131",38.404077,NA,1973,1977,"1","14",1,"3",NA,"0",1,"",NA,NA,NA,NA,NA,"",NA,NA,NA,0,NA,NA,NA,1
"Nomioides_minutissimus","Nmin","","3","Semisocial","Nomiodinae","Nomiodinae","Nomioides","","30.902689",75.804005,250,1964,1965,"2,3","2",NA,"",NA,"1",NA,"0",NA,NA,NA,NA,NA,"",NA,NA,"",NA,NA,NA,2,NA
"Nomioides_minutissimus","Nmin","","1","Solitary","Nomiodinae","Nomiodinae","Nomioides","","49.439386",8.67894,100,NA,NA,"1","",NA,"",NA,NA,1,"",NA,NA,NA,NA,NA,"0",NA,NA,NA,0,NA,NA,2,1
"Nomioides_divisa","Ndiv","","1","Solitary","Nomiodinae","Nomiodinae","Nomioides","","30.902689",75.804005,250,1964,1965,"2,3","3",NA,"",NA,NA,1,"",NA,NA,NA,NA,NA,"",NA,NA,NA,0,NA,NA,2,NA
"Nomioides_pusilla","Npus","","1","Solitary","Nomiodinae","Nomiodinae","Nomioides","","30.902689",75.804005,250,1964,1965,"2,3","3",NA,"",NA,NA,1,"0",NA,NA,NA,NA,NA,"",NA,NA,NA,0,NA,NA,2,NA
"Nomioides_patruelis","Npat","","1,2","Communal","Nomiodinae","Nomiodinae","Nomioides","","24.738626",67.675507,10,1984,1984,"2,3","2",NA,"",NA,"1",NA,"",NA,NA,NA,NA,NA,"",NA,NA,NA,0,NA,NA,NA,NA
"Sphecodosoma_dicksoni","SSdic","","1,2","Communal","Rophitinae","Rophitinae","Sphecodosoma","Sphecodosoma","31.653472",-108.7969636,1500,1975,1975,"3","11",NA,"",NA,"1",NA,"",NA,NA,NA,NA,NA,"",NA,NA,NA,0,NA,NA,1,2
"Conanthalictus_conanthi","Ccon","","1","Solitary","Rophitinae","Rophitinae","Conanthalictus","","31.653472",-108.7969636,1500,1975,1975,"3","1",NA,"",NA,NA,1,"",NA,NA,NA,NA,NA,"",NA,NA,NA,0,NA,NA,NA,NA
"Dufourea_novaeangliae","Dnov","Dufnovaeangl","1","Solitary","Rophitinae","Rophitinae","Dufourea","","43.331199",-76.695364,100,1980,1983,"1","23",NA,"",NA,"0",1,"",7.2,NA,NA,NA,NA,"0",NA,NA,NA,0,NA,NA,1,1
"Dufourea_malacothricis","Dmal","Dufmalacothr","1","Solitary","Rophitinae","Rophitinae","Dufourea","","31.760151",-109.106912,1300,1966,1966,"3","1",NA,"",NA,NA,1,"",12,NA,NA,NA,NA,"",NA,NA,NA,0,NA,NA,NA,NA
"Dufourea_pulchricornis","Dpul","","1","Solitary","Rophitinae","Rophitinae","Dufourea","","32.223821",-110.670954,1000,1965,1965,"","1",NA,"",NA,NA,1,"",NA,NA,NA,NA,NA,"",NA,NA,NA,0,NA,NA,NA,NA
"Dufourea_trochantera","Dtro","","1","Solitary","Rophitinae","Rophitinae","Dufourea","","41.896035",-111.971707,160,1966,1966,"1,3","25",NA,"",NA,NA,1,"",NA,NA,NA,NA,NA,"",NA,NA,NA,0,NA,NA,NA,NA
"Dufourea_mulleri","Dmul","Dufmulleri","1","Solitary","Rophitinae","Rophitinae","Dufourea","","31.812059",-109.06069,1270,1966,1966,"3","",NA,"",NA,NA,1,"",9,NA,NA,NA,NA,"",NA,NA,NA,0,NA,NA,1,NA
"Dufourea_mulleri","Dmul","Dufmulleri","1","Solitary","Rophitinae","Rophitinae","Dufourea","","31.61006",-111.045553,980,1965,1966,"3","",NA,"",NA,NA,1,"",9,NA,NA,NA,NA,"",NA,NA,NA,0,NA,NA,1,NA
"Systropha_punjabensis","SSpun","","1","Solitary","Rophitinae","Rophitinae","Systropha","Systropha","30.902689",75.804005,250,1965,1965,"2,3","1",NA,"",NA,"0",1,"",NA,NA,NA,NA,NA,"0",NA,NA,NA,0,NA,NA,NA,NA
"Rophites_canus","RRcan","","",NA,"Rophitinae","Rophitinae","Rophites","Rophitoides","",NA,NA,NA,NA,"","",NA,"",NA,NA,NA,"",NA,NA,NA,NA,NA,"",NA,NA,"",NA,NA,NA,NA,NA
"Rophites_canus","RRcan","","",NA,"Rophitinae","Rophitinae","Rophites","Rophitoides","",NA,NA,NA,NA,"","",NA,"",NA,NA,NA,"",NA,NA,NA,NA,NA,"",NA,NA,"",NA,NA,NA,NA,NA
"Rophites_hartmanni","Rrhar","","",NA,"Rophitinae","Rophitinae","Rophites","Rophites","",NA,NA,NA,NA,"","",NA,"",NA,NA,NA,"",12,NA,NA,NA,NA,"",NA,NA,"",NA,NA,NA,NA,NA
